2023-12-09 17:04:56.506173,-2048,0,0,893414,276443,64727,125015,49853,48705,84467,48874
2023-12-09 17:04:56.507251,-2048,0,0,893414,276443,64727,125015,49853,48705,84467,48874
2023-12-09 17:04:56.511343,-2048,0,0,893414,276443,64727,125015,49853,48705,84467,48874
2023-12-09 17:04:56.514912,-2048,0,0,893414,276443,64727,125015,49853,48705,84467,48874
2023-12-09 17:04:56.519005,-2048,0,0,893414,276443,64727,125015,49853,48705,84467,48874
2023-12-09 17:04:56.523098,-2048,0,0,893414,276443,64727,125015,49853,48705,84467,48874
2023-12-09 17:04:56.526688,-2048,0,0,893414,276443,64727,125015,49853,48705,84467,48874
2023-12-09 17:04:56.530774,-2048,0,0,893414,276443,64727,125015,49853,48705,84467,48874
2023-12-09 17:04:56.534848,-2048,0,0,893414,276443,64727,125015,49853,48705,84467,48874
2023-12-09 17:04:56.538415,-2048,0,0,893414,276443,64727,125015,49853,48705,84467,48874
2023-12-09 17:04:56.542509,-2048,0,0,893414,276443,64727,125015,49853,48705,84467,48874
2023-12-09 17:04:56.546103,-2048,0,0,893414,276443,64727,125015,49853,48705,84467,48874
2023-12-09 17:04:56.550191,-2048,0,0,893414,276443,64727,125015,49853,48705,84467,48874
2023-12-09 17:04:56.554258,-2048,0,0,893414,276443,64727,125015,49853,48705,84467,48874
2023-12-09 17:04:56.557852,-2048,0,0,893414,276443,64727,125015,49853,48705,84467,48874
2023-12-09 17:04:56.561944,-2048,0,0,893414,276443,64727,125015,49853,48705,84467,48874
2023-12-09 17:04:56.566031,-2048,0,0,893414,276443,64727,125015,49853,48705,84467,48874
2023-12-09 17:04:56.569614,-2048,0,0,893414,276443,64727,125015,49853,48705,84467,48874
2023-12-09 17:04:56.573669,-2048,0,0,893414,276443,64727,125015,49853,48705,84467,48874
2023-12-09 17:04:56.577757,-2048,0,0,893414,276443,64727,125015,49853,48705,84467,48874
2023-12-09 17:04:56.581351,-2048,0,0,893414,276443,64727,125015,49853,48705,84467,48874
2023-12-09 17:04:56.585435,-2048,0,0,893414,276443,64727,125015,49853,48705,84467,48874
2023-12-09 17:04:56.589521,-2048,0,0,893414,276443,64727,125015,49853,48705,84467,48874
2023-12-09 17:04:56.593114,-2048,0,0,893414,276443,64727,125015,49853,48705,84467,48874
2023-12-09 17:04:56.597205,-2048,0,0,893414,276443,64727,125015,49853,48705,84467,48874
2023-12-09 17:04:56.600752,-2048,0,0,893414,276443,64727,125015,49853,48705,84467,48874
2023-12-09 17:04:56.604852,-2048,0,0,893414,276443,64727,125015,49853,48705,84467,48874
2023-12-09 17:04:56.608945,-2048,0,0,893414,276443,64727,125015,49853,48705,84467,48874
2023-12-09 17:04:56.612528,-2048,0,0,893414,276443,64727,125015,49853,48705,84467,48874
2023-12-09 17:04:56.616548,-2048,0,0,893414,276443,64727,125015,49853,48705,84467,48874
2023-12-09 17:04:56.620634,-2048,0,0,893414,276443,64727,125015,49853,48705,84467,48874
2023-12-09 17:04:56.624206,-2048,0,0,893414,276443,64727,125015,49853,48705,84467,48874
2023-12-09 17:04:56.628273,-2048,0,0,893414,276443,64727,125015,49853,48705,84467,48874
2023-12-09 17:04:56.632332,-2048,0,0,893414,276443,64727,125015,49853,48705,84467,48874
2023-12-09 17:04:56.636423,-2048,0,0,893414,276443,64727,125015,49853,48705,84467,48874
2023-12-09 17:04:56.640008,-2048,0,0,893414,276443,64727,125015,49853,48705,84467,48874
2023-12-09 17:04:56.644072,-2048,0,0,893414,276443,64727,125015,49853,48705,84467,48874
2023-12-09 17:04:56.647639,-2048,0,0,893414,276443,64727,125015,49853,48705,84467,48874
2023-12-09 17:04:56.651732,-2048,0,0,893414,276443,64727,125015,49853,48705,84467,48874
2023-12-09 17:04:56.655812,-2048,0,0,893414,276443,64727,125015,49853,48705,84467,48874
2023-12-09 17:04:56.659379,-2048,0,0,893414,276443,64727,125015,49853,48705,84467,48874
2023-12-09 17:04:56.663438,-2048,0,0,893414,276443,64727,125015,49853,48705,84467,48874
2023-12-09 17:04:56.667495,-2048,0,0,893414,276443,64727,125015,49853,48705,84467,48874
2023-12-09 17:04:56.671580,-2048,0,0,893414,276443,64727,125015,49853,48705,84467,48874
2023-12-09 17:04:56.675174,-2048,0,0,893414,276443,64727,125015,49853,48705,84467,48874
2023-12-09 17:04:56.679278,-2048,0,0,893414,276443,64727,125015,49853,48705,84467,48874
2023-12-09 17:04:56.682862,-2048,0,0,893414,276443,64727,125015,49853,48705,84467,48874
2023-12-09 17:04:56.686925,-2048,0,0,893414,276443,64727,125015,49853,48705,84467,48874
2023-12-09 17:04:56.690994,-2048,0,0,893414,276443,64727,125015,49853,48705,84467,48874
2023-12-09 17:04:56.694543,-2048,0,0,893414,276443,64727,125015,49853,48705,84467,48874
2023-12-09 17:04:56.698631,-2048,0,0,893414,276443,64727,125015,49853,48705,84467,48874
2023-12-09 17:04:56.702722,-2048,0,0,893414,276443,64727,125015,49853,48705,84467,48874
2023-12-09 17:04:56.706310,-2048,0,0,893414,276443,64727,125015,49853,48705,84467,48874
2023-12-09 17:04:56.710343,-2048,0,0,893414,276443,64727,125015,49853,48705,84467,48874
2023-12-09 17:04:56.714437,-2048,0,0,893414,276443,64727,125015,49853,48705,84467,48874
2023-12-09 17:04:56.717998,-2048,0,0,893414,276443,64727,125015,49853,48705,84467,48874
2023-12-09 17:04:56.722086,-2048,0,0,893414,276443,64727,125015,49853,48705,84467,48874
2023-12-09 17:04:56.726123,-2048,0,0,893414,276443,64727,125015,49853,48705,84467,48874
2023-12-09 17:04:56.729716,-2048,0,0,893414,276443,64727,125015,49853,48705,84467,48874
2023-12-09 17:04:56.733809,-2048,0,0,893414,276443,64727,125015,49853,48705,84467,48874
2023-12-09 17:04:56.737900,-2048,0,0,893414,276443,64727,125015,49853,48705,84467,48874
2023-12-09 17:04:56.741428,-2048,0,0,893414,276443,64727,125015,49853,48705,84467,48874
2023-12-09 17:04:56.745519,-2048,0,0,893414,276443,64727,125015,49853,48705,84467,48874
2023-12-09 17:04:56.749552,-2048,0,0,893414,276443,64727,125015,49853,48705,84467,48874
2023-12-09 17:04:56.753106,-2048,0,0,893414,276443,64727,125015,49853,48705,84467,48874
2023-12-09 17:04:56.757149,-2048,0,0,893414,276443,64727,125015,49853,48705,84467,48874
2023-12-09 17:04:56.761243,-2048,0,0,893414,276443,64727,125015,49853,48705,84467,48874
2023-12-09 17:04:56.765330,-2048,0,0,893414,276443,64727,125015,49853,48705,84467,48874
2023-12-09 17:04:56.768931,-2048,0,0,893414,276443,64727,125015,49853,48705,84467,48874
2023-12-09 17:04:56.772986,-2048,0,0,893414,276443,64727,125015,49853,48705,84467,48874
2023-12-09 17:04:56.776573,-2048,0,0,893414,276443,64727,125015,49853,48705,84467,48874
2023-12-09 17:04:56.780641,-2048,0,0,893414,276443,64727,125015,49853,48705,84467,48874
2023-12-09 17:04:56.784707,-2048,0,0,893414,276443,64727,125015,49853,48705,84467,48874
2023-12-09 17:04:56.788261,-2048,0,0,893414,276443,64727,125015,49853,48705,84467,48874
2023-12-09 17:04:56.792354,-2048,0,0,893414,276443,64727,125015,49853,48705,84467,48874
2023-12-09 17:04:56.796448,-2048,0,0,893414,276443,64727,125015,49853,48705,84467,48874
2023-12-09 17:04:56.800034,-2048,0,0,893414,276443,64727,125015,49853,48705,84467,48874
2023-12-09 17:04:56.804061,-2048,0,0,893414,276443,64727,125015,49853,48705,84467,48874
2023-12-09 17:04:56.808128,-2048,0,0,893414,276443,64727,125015,49853,48705,84467,48874
2023-12-09 17:04:56.811722,-2048,0,0,893414,276443,64727,125015,49853,48705,84467,48874
2023-12-09 17:04:56.815809,-2048,0,0,893414,276443,64727,125015,49853,48705,84467,48874
2023-12-09 17:04:56.819873,-2048,0,0,893414,276443,64727,125015,49853,48705,84467,48874
2023-12-09 17:04:56.823491,-2048,0,0,893414,276443,64727,125015,49853,48705,84467,48874
2023-12-09 17:04:56.827582,-2048,0,0,893414,276443,64727,125015,49853,48705,84467,48874
2023-12-09 17:04:56.831674,-2048,0,0,893414,276443,64727,125015,49853,48705,84467,48874
2023-12-09 17:04:56.835189,-2048,0,0,893414,276443,64727,125015,49853,48705,84467,48874
2023-12-09 17:04:56.839246,-2048,0,0,893414,276443,64727,125015,49853,48705,84467,48874
2023-12-09 17:04:56.843316,-2048,0,0,893414,276443,64727,125015,49853,48705,84467,48874
2023-12-09 17:04:56.846816,-2048,0,0,893414,276443,64727,125015,49853,48705,84467,48874
2023-12-09 17:04:56.851169,-2048,0,0,893414,276443,64727,125015,49853,48705,84467,48874
2023-12-09 17:04:56.854748,-2048,0,0,893414,276443,64727,125015,49853,48705,84467,48874
2023-12-09 17:04:56.858840,-2048,0,0,893414,276443,64727,125015,49853,48705,84467,48874
2023-12-09 17:04:56.862855,-2048,0,0,893414,276443,64727,125015,49853,48705,84467,48874
2023-12-09 17:04:56.866357,-2048,0,0,893414,276443,64727,125015,49853,48705,84467,48874
2023-12-09 17:04:56.870427,-2048,0,0,893414,276443,64727,125015,49853,48705,84467,48874
2023-12-09 17:04:56.874518,-2048,0,0,893414,276443,64727,125015,49853,48705,84467,48874
2023-12-09 17:04:56.878612,-2048,0,0,893414,276443,64727,125015,49853,48705,84467,48874
2023-12-09 17:04:56.882163,-2048,0,0,893414,276443,64727,125015,49853,48705,84467,48874
2023-12-09 17:04:56.886253,-2048,0,0,893414,276443,64727,125015,49853,48705,84467,48874
2023-12-09 17:04:56.889792,-2048,0,0,893414,276443,64727,125015,49853,48705,84467,48874
2023-12-09 17:04:56.893737,-2048,0,0,893414,276443,64727,125015,49853,48705,84467,48874
2023-12-09 17:04:56.897759,-2048,0,0,893414,276443,64727,125015,49853,48705,84467,48874
2023-12-09 17:04:56.901806,-2048,0,0,893414,276443,64727,125015,49853,48705,84467,48874
2023-12-09 17:04:56.905882,-2048,0,0,893414,276443,64727,125015,49853,48705,84467,48874
2023-12-09 17:04:56.909472,-2048,0,0,893414,276443,64727,125015,49853,48705,84467,48874
2023-12-09 17:04:56.913549,-2048,0,0,893414,276443,64727,125015,49853,48705,84467,48874
2023-12-09 17:04:56.917642,-2048,0,0,893414,276443,64727,125015,49853,48705,84467,48874
2023-12-09 17:04:56.921235,-2048,0,0,893414,276443,64727,125015,49853,48705,84467,48874
2023-12-09 17:04:56.925326,-2048,0,0,893414,276443,64727,125015,49853,48705,84467,48874
2023-12-09 17:04:56.928930,-2048,0,0,893414,276443,64727,125015,49853,48705,84467,48874
2023-12-09 17:04:56.933022,-2048,0,0,893414,276443,64727,125015,49853,48705,84467,48874
2023-12-09 17:04:56.937113,-2048,0,0,893414,276443,64727,125015,49853,48705,84467,48874
2023-12-09 17:04:56.940701,-2048,0,0,893414,276443,64727,125015,49853,48705,84467,48874
2023-12-09 17:04:56.944777,-2048,0,0,893414,276443,64727,125015,49853,48705,84467,48874
2023-12-09 17:04:56.948863,-2048,0,0,893414,276443,64727,125015,49853,48705,84467,48874
2023-12-09 17:04:56.952454,-2048,0,0,893414,276443,64727,125015,49853,48705,84467,48874
2023-12-09 17:04:56.956534,-2048,0,0,893414,276443,64727,125015,49853,48705,84467,48874
2023-12-09 17:04:56.960585,-2048,0,0,893414,276443,64727,125015,49853,48705,84467,48874
2023-12-09 17:04:56.964175,-2048,0,0,893414,276443,64727,125015,49853,48705,84467,48874
2023-12-09 17:04:56.968265,-2048,0,0,893414,276443,64727,125015,49853,48705,84467,48874
2023-12-09 17:04:56.972357,-2048,0,0,893414,276443,64727,125015,49853,48705,84467,48874
2023-12-09 17:04:56.975946,-2048,0,0,893414,276443,64727,125015,49853,48705,84467,48874
2023-12-09 17:04:56.980019,-2048,0,0,893414,276443,64727,125015,49853,48705,84467,48874
2023-12-09 17:04:56.983610,-2048,0,0,893414,276443,64727,125015,49853,48705,84467,48874
2023-12-09 17:04:56.987672,-2048,0,0,893414,276443,64727,125015,49853,48705,84467,48874
2023-12-09 17:04:56.991731,-2048,0,0,893414,276443,64727,125015,49853,48705,84467,48874
2023-12-09 17:04:56.995319,-2048,0,0,893414,276443,64727,125015,49853,48705,84467,48874
2023-12-09 17:04:56.999405,-2048,0,0,893414,276443,64727,125015,49853,48705,84467,48874
2023-12-09 17:04:57.003490,-2048,0,0,893414,276443,64727,125015,49853,48705,84467,48874
2023-12-09 17:04:57.007041,-2048,0,0,893414,276443,64727,125015,49853,48705,84467,48874
2023-12-09 17:04:57.011132,-2048,0,0,893414,276443,64727,125015,49853,48705,84467,48874
2023-12-09 17:04:57.015225,-2048,0,0,893414,276443,64727,125015,49853,48705,84467,48874
2023-12-09 17:04:57.018722,-2048,0,0,893414,276443,64727,125015,49853,48705,84467,48874
2023-12-09 17:04:57.022782,-2048,0,0,893414,276443,64727,125015,49853,48705,84467,48874
2023-12-09 17:04:57.026875,-2048,0,0,893414,276443,64727,125015,49853,48705,84467,48874
2023-12-09 17:04:57.030464,-2048,0,0,893414,276443,64727,125015,49853,48705,84467,48874
2023-12-09 17:04:57.034526,-2048,0,0,893414,276443,64727,125015,49853,48705,84467,48874
2023-12-09 17:04:57.038582,-2048,0,0,893414,276443,64727,125015,49853,48705,84467,48874
2023-12-09 17:04:57.042669,-2048,0,0,893414,276443,64727,125015,49853,48705,84467,48874
2023-12-09 17:04:57.046255,-2048,0,0,893414,276443,64727,125015,49853,48705,84467,48874
2023-12-09 17:04:57.050309,-2048,0,0,893414,276443,64727,125015,49853,48705,84467,48874
2023-12-09 17:04:57.054381,-2048,0,0,893414,276443,64727,125015,49853,48705,84467,48874
2023-12-09 17:04:57.057949,-2048,0,0,893414,276443,64727,125015,49853,48705,84467,48874
2023-12-09 17:04:57.062026,-2048,0,0,893414,276443,64727,125015,49853,48705,84467,48874
2023-12-09 17:04:57.066121,-2048,0,0,893414,276443,64727,125015,49853,48705,84467,48874
2023-12-09 17:04:57.069707,-2048,0,0,893414,276443,64727,125015,49853,48705,84467,48874
2023-12-09 17:04:57.073796,-2048,0,0,893414,276443,64727,125015,49853,48705,84467,48874
2023-12-09 17:04:57.077364,-2048,0,0,893414,276443,64727,125015,49853,48705,84467,48874
2023-12-09 17:04:57.081454,-2048,0,0,893414,276443,64727,125015,49853,48705,84467,48874
2023-12-09 17:04:57.085524,-2048,0,0,893414,276443,64727,125015,49853,48705,84467,48874
2023-12-09 17:04:57.089108,-2048,0,0,893414,276443,64727,125015,49853,48705,84467,48874
2023-12-09 17:04:57.093201,-2048,0,0,893414,276443,64727,125015,49853,48705,84467,48874
2023-12-09 17:04:57.097284,-2048,0,0,893414,276443,64727,125015,49853,48705,84467,48874
2023-12-09 17:04:57.100850,-2048,0,0,893414,276443,64727,125015,49853,48705,84467,48874
2023-12-09 17:04:57.104894,-2048,0,0,893414,276443,64727,125015,49853,48705,84467,48874
2023-12-09 17:04:57.108957,-2048,0,0,893414,276443,64727,125015,49853,48705,84467,48874
2023-12-09 17:04:57.112547,-2048,0,0,893414,276443,64727,125015,49853,48705,84467,48874
2023-12-09 17:04:57.116601,-2048,0,0,893414,276443,64727,125015,49853,48705,84467,48874
2023-12-09 17:04:57.120695,-2048,0,0,893414,276443,64727,125015,49853,48705,84467,48874
2023-12-09 17:04:57.124287,-2048,0,0,893414,276443,64727,125015,49853,48705,84467,48874
2023-12-09 17:04:57.128329,-2048,0,0,893414,276443,64727,125015,49853,48705,84467,48874
2023-12-09 17:04:57.132396,-2048,0,0,893414,276443,64727,125015,49853,48705,84467,48874
2023-12-09 17:04:57.135987,-2048,0,0,893414,276443,64727,125015,49853,48705,84467,48874
2023-12-09 17:04:57.140050,-2048,0,0,893414,276443,64727,125015,49853,48705,84467,48874
2023-12-09 17:04:57.144134,-2048,0,0,893414,276443,64727,125015,49853,48705,84467,48874
2023-12-09 17:04:57.147718,-2048,0,0,893414,276443,64727,125015,49853,48705,84467,48874
2023-12-09 17:04:57.151808,-2048,0,0,893414,276443,64727,125015,49853,48705,84467,48874
2023-12-09 17:04:57.155894,-2048,0,0,893414,276443,64727,125015,49853,48705,84467,48874
2023-12-09 17:04:57.159485,-2048,0,0,893414,276443,64727,125015,49853,48705,84467,48874
2023-12-09 17:04:57.163532,-2048,0,0,893414,276443,64727,125015,49853,48705,84467,48874
2023-12-09 17:04:57.167575,-2048,0,0,893414,276443,64727,125015,49853,48705,84467,48874
2023-12-09 17:04:57.171159,-2048,0,0,893414,276443,64727,125015,49853,48705,84467,48874
2023-12-09 17:04:57.175244,-2048,0,0,893414,276443,64727,125015,49853,48705,84467,48874
2023-12-09 17:04:57.179313,-2048,0,0,893414,276443,64727,125015,49853,48705,84467,48874
2023-12-09 17:04:57.182908,-2048,0,0,893414,276443,64727,125015,49853,48705,84467,48874
2023-12-09 17:04:57.186999,-2048,0,0,893414,276443,64727,125015,49853,48705,84467,48874
2023-12-09 17:04:57.191085,-2048,0,0,893414,276443,64727,125015,49853,48705,84467,48874
2023-12-09 17:04:57.194628,-2048,0,0,893414,276443,64727,125015,49853,48705,84467,48874
2023-12-09 17:04:57.198687,-2048,0,0,893414,276443,64727,125015,49853,48705,84467,48874
2023-12-09 17:04:57.202782,-2048,0,0,893414,276443,64727,125015,49853,48705,84467,48874
2023-12-09 17:04:57.206367,-2048,0,0,893414,276443,64727,125015,49853,48705,84467,48874
2023-12-09 17:04:57.210568,-2048,0,0,893414,276443,64727,125015,49853,48705,84467,48874
2023-12-09 17:04:57.214148,-2048,0,0,893414,276443,64727,125015,49853,48705,84467,48874
2023-12-09 17:04:57.218237,-2048,0,0,893414,276443,64727,125015,49853,48705,84467,48874
2023-12-09 17:04:57.222322,-2048,0,0,893414,276443,64727,125015,49853,48705,84467,48874
2023-12-09 17:04:57.225907,-2048,0,0,893414,276443,64727,125015,49853,48705,84467,48874
2023-12-09 17:04:57.229974,-2048,0,0,893414,276443,64727,125015,49853,48705,84467,48874
2023-12-09 17:04:57.234066,-2048,0,0,893414,276443,64727,125015,49853,48705,84467,48874
2023-12-09 17:04:57.237658,-2048,0,0,893414,276443,64727,125015,49853,48705,84467,48874
2023-12-09 17:04:57.241721,-2048,0,0,893414,276443,64727,125015,49853,48705,84467,48874
2023-12-09 17:04:57.245309,-2048,0,0,893414,276443,64727,125015,49853,48705,84467,48874
2023-12-09 17:04:57.249407,-2048,0,0,893414,276443,64727,125015,49853,48705,84467,48874
2023-12-09 17:04:57.253491,-2048,0,0,893414,276443,64727,125015,49853,48705,84467,48874
2023-12-09 17:04:57.257043,-2048,0,0,893414,276443,64727,125015,49853,48705,84467,48874
2023-12-09 17:04:57.261132,-2048,0,0,893414,276443,64727,125015,49853,48705,84467,48874
2023-12-09 17:04:57.265225,-2048,0,0,893414,276443,64727,125015,49853,48705,84467,48874
2023-12-09 17:04:57.268814,-2048,0,0,893414,276443,64727,125015,49853,48705,84467,48874
2023-12-09 17:04:57.272858,-2048,0,0,893414,276443,64727,125015,49853,48705,84467,48874
2023-12-09 17:04:57.276953,-2048,0,0,893414,276443,64727,125015,49853,48705,84467,48874
2023-12-09 17:04:57.280542,-2048,0,0,893414,276443,64727,125015,49853,48705,84467,48874
2023-12-09 17:04:57.284635,-2048,0,0,893414,276443,64727,125015,49853,48705,84467,48874
2023-12-09 17:04:57.288713,-2048,0,0,893414,276443,64727,125015,49853,48705,84467,48874
2023-12-09 17:04:57.292305,-2048,0,0,893414,276443,64727,125015,49853,48705,84467,48874
2023-12-09 17:04:57.296396,-2048,0,0,893414,276443,64727,125015,49853,48705,84467,48874
2023-12-09 17:04:57.300475,-2048,0,0,893414,276443,64727,125015,49853,48705,84467,48874
2023-12-09 17:04:57.304040,-2048,0,0,893414,276443,64727,125015,49853,48705,84467,48874
2023-12-09 17:04:57.308130,-2048,0,0,893414,276443,64727,125015,49853,48705,84467,48874
2023-12-09 17:04:57.311683,-2048,0,0,893414,276443,64727,125015,49853,48705,84467,48874
2023-12-09 17:04:57.315754,-2048,0,0,893414,276443,64727,125015,49853,48705,84467,48874
2023-12-09 17:04:57.319808,-2048,0,0,893414,276443,64727,125015,49853,48705,84467,48874
2023-12-09 17:04:57.323902,-2048,0,0,893414,276443,64727,125015,49853,48705,84467,48874
2023-12-09 17:04:57.327487,-2048,0,0,893414,276443,64727,125015,49853,48705,84467,48874
2023-12-09 17:04:57.331578,-2048,0,0,893414,276443,64727,125015,49853,48705,84467,48874
2023-12-09 17:04:57.335106,-2048,0,0,893414,276443,64727,125015,49853,48705,84467,48874
2023-12-09 17:04:57.339197,-2048,0,0,893414,276443,64727,125015,49853,48705,84467,48874
2023-12-09 17:04:57.343287,-2048,0,0,893414,276443,64727,125015,49853,48705,84467,48874
2023-12-09 17:04:57.346854,-2048,0,0,893414,276443,64727,125015,49853,48705,84467,48874
2023-12-09 17:04:57.350942,-2048,0,0,893414,276443,64727,125015,49853,48705,84467,48874
2023-12-09 17:04:57.355026,-2048,0,0,893414,276443,64727,125015,49853,48705,84467,48874
2023-12-09 17:04:57.358585,-2048,0,0,893414,276443,64727,125015,49853,48705,84467,48874
2023-12-09 17:04:57.362665,-2048,0,0,893414,276443,64727,125015,49853,48705,84467,48874
2023-12-09 17:04:57.366690,-2048,0,0,893414,276443,64727,125015,49853,48705,84467,48874
2023-12-09 17:04:57.370770,-2048,0,0,893414,276443,64727,125015,49853,48705,84467,48874
2023-12-09 17:04:57.374335,-2048,0,0,893414,276443,64727,125015,49853,48705,84467,48874
2023-12-09 17:04:57.378400,-2048,0,0,893414,276443,64727,125015,49853,48705,84467,48874
2023-12-09 17:04:57.382451,-2048,0,0,893414,276443,64727,125015,49853,48705,84467,48874
2023-12-09 17:04:57.386037,-2048,0,0,893414,276443,64727,125015,49853,48705,84467,48874
2023-12-09 17:04:57.390128,-2048,0,0,893414,276443,64727,125015,49853,48705,84467,48874
2023-12-09 17:04:57.394225,-2048,0,0,893414,276443,64727,125015,49853,48705,84467,48874
2023-12-09 17:04:57.397766,-2048,0,0,893414,276443,64727,125015,49853,48705,84467,48874
2023-12-09 17:04:57.401828,-2048,0,0,893414,276443,64727,125015,49853,48705,84467,48874
2023-12-09 17:04:57.405896,-2048,0,0,893414,276443,64727,125015,49853,48705,84467,48874
2023-12-09 17:04:57.409425,-2048,0,0,893414,276443,64727,125015,49853,48705,84467,48874
2023-12-09 17:04:57.413456,-2048,0,0,893414,276443,64727,125015,49853,48705,84467,48874
2023-12-09 17:04:57.417547,-2048,0,0,893414,276443,64727,125015,49853,48705,84467,48874
2023-12-09 17:04:57.421116,-2048,0,0,893414,276443,64727,125015,49853,48705,84467,48874
2023-12-09 17:04:57.425208,-2048,0,0,893414,276443,64727,125015,49853,48705,84467,48874
2023-12-09 17:04:57.429298,-2048,0,0,893414,276443,64727,125015,49853,48705,84467,48874
2023-12-09 17:04:57.432820,-2048,0,0,893414,276443,64727,125015,49853,48705,84467,48874
2023-12-09 17:04:57.436909,-2048,0,0,893414,276443,64727,125015,49853,48705,84467,48874
2023-12-09 17:04:57.440952,-2048,0,0,893414,276443,64727,125015,49853,48705,84467,48874
2023-12-09 17:04:57.444424,-2048,0,0,893414,276443,64727,125015,49853,48705,84467,48874
2023-12-09 17:04:57.448508,-2048,0,0,893414,276443,64727,125015,49853,48705,84467,48874
2023-12-09 17:04:57.452599,-2048,0,0,893414,276443,64727,125015,49853,48705,84467,48874
2023-12-09 17:04:57.456666,-2048,0,0,893414,276443,64727,125015,49853,48705,84467,48874
2023-12-09 17:04:57.460232,-2048,0,0,893414,276443,64727,125015,49853,48705,84467,48874
2023-12-09 17:04:57.464305,-2048,0,0,893414,276443,64727,125015,49853,48705,84467,48874
2023-12-09 17:04:57.468384,-2048,0,0,893414,276443,64727,125015,49853,48705,84467,48874
2023-12-09 17:04:57.471957,-2048,0,0,893414,276443,64727,125015,49853,48705,84467,48874
2023-12-09 17:04:57.476002,-2048,0,0,893414,276443,64727,125015,49853,48705,84467,48874
2023-12-09 17:04:57.480094,-2048,0,0,893414,276443,64727,125015,49853,48705,84467,48874
2023-12-09 17:04:57.483685,-2048,0,0,893414,276443,64727,125015,49853,48705,84467,48874
2023-12-09 17:04:57.487778,-2048,0,0,893414,276443,64727,125015,49853,48705,84467,48874
2023-12-09 17:04:57.491804,-2048,0,0,893414,276443,64727,125015,49853,48705,84467,48874
2023-12-09 17:04:57.495381,-2048,0,0,893414,276443,64727,125015,49853,48705,84467,48874
2023-12-09 17:04:57.499442,-2048,0,0,893414,276443,64727,125015,49853,48705,84467,48874
2023-12-09 17:04:57.503478,-2048,0,0,893414,276443,64727,125015,49853,48705,84467,48874
2023-12-09 17:04:57.507047,-2048,0,0,893414,276443,64727,125015,49853,48705,84467,48874
2023-12-09 17:04:57.511118,-2048,0,0,893414,276443,64727,125015,49853,48705,84467,48874
2023-12-09 17:04:57.515196,-2048,0,0,893414,276443,64727,125015,49853,48705,84467,48874
2023-12-09 17:04:57.518706,-2048,0,0,893414,276443,64727,125015,49853,48705,84467,48874
2023-12-09 17:04:57.522756,-2048,0,0,893414,276443,64727,125015,49853,48705,84467,48874
2023-12-09 17:04:57.526851,-2048,0,0,893414,276443,64727,125015,49853,48705,84467,48874
2023-12-09 17:04:57.530919,-2048,0,0,893414,276443,64727,125015,49853,48705,84467,48874
2023-12-09 17:04:57.534513,-2048,0,0,893414,276443,64727,125015,49853,48705,84467,48874
2023-12-09 17:04:57.538578,-2048,0,0,893414,276443,64727,125015,49853,48705,84467,48874
2023-12-09 17:04:57.542668,-2048,0,0,893414,276443,64727,125015,49853,48705,84467,48874
2023-12-09 17:04:57.546259,-2048,0,0,893414,276443,64727,125015,49853,48705,84467,48874
2023-12-09 17:04:57.550338,-2048,0,0,893414,276443,64727,125015,49853,48705,84467,48874
2023-12-09 17:04:57.553870,-2048,0,0,893414,276443,64727,125015,49853,48705,84467,48874
2023-12-09 17:04:57.557931,-2048,0,0,893414,276443,64727,125015,49853,48705,84467,48874
2023-12-09 17:04:57.562018,-2048,0,0,893414,276443,64727,125015,49853,48705,84467,48874
2023-12-09 17:04:57.566104,-2048,0,0,893414,276443,64727,125015,49853,48705,84467,48874
2023-12-09 17:04:57.569659,-2048,0,0,893414,276443,64727,125015,49853,48705,84467,48874
2023-12-09 17:04:57.573756,-2048,0,0,893414,276443,64727,125015,49853,48705,84467,48874
2023-12-09 17:04:57.577349,-2048,0,0,893414,276443,64727,125015,49853,48705,84467,48874
2023-12-09 17:04:57.581437,-2048,0,0,893414,276443,64727,125015,49853,48705,84467,48874
2023-12-09 17:04:57.585518,-2048,0,0,893414,276443,64727,125015,49853,48705,84467,48874
2023-12-09 17:04:57.589062,-2048,0,0,893414,276443,64727,125015,49853,48705,84467,48874
2023-12-09 17:04:57.593155,-2048,0,0,893414,276443,64727,125015,49853,48705,84467,48874
2023-12-09 17:04:57.597194,-2048,0,0,893414,276443,64727,125015,49853,48705,84467,48874
2023-12-09 17:04:57.600717,-2048,0,0,893414,276443,64727,125015,49853,48705,84467,48874
2023-12-09 17:04:57.604542,-2048,0,0,893414,276443,64727,125015,49853,48705,84467,48874
2023-12-09 17:04:57.608406,-2048,0,0,893414,276443,64727,125015,49853,48705,84467,48874
2023-12-09 17:04:57.612279,-2048,0,0,893414,276443,64727,125015,49853,48705,84467,48874
2023-12-09 17:04:57.616823,-2048,0,0,893414,276443,64727,125015,49853,48705,84467,48874
2023-12-09 17:04:57.620341,-2048,0,0,893414,276443,64727,125015,49853,48705,84467,48874
2023-12-09 17:04:57.624416,-2048,0,0,893414,276443,64727,125015,49853,48705,84467,48874
2023-12-09 17:04:57.628488,-2048,0,0,893414,276443,64727,125015,49853,48705,84467,48874
2023-12-09 17:04:57.632034,-2048,0,0,893414,276443,64727,125015,49853,48705,84467,48874
2023-12-09 17:04:57.636241,-2048,0,0,893414,276443,64727,125015,49853,48705,84467,48874
2023-12-09 17:04:57.640315,-2048,0,0,893414,276443,64727,125015,49853,48705,84467,48874
2023-12-09 17:04:57.643898,-2048,0,0,893414,276443,64727,125015,49853,48705,84467,48874
2023-12-09 17:04:57.647981,-2048,0,0,893414,276443,64727,125015,49853,48705,84467,48874
2023-12-09 17:04:57.651574,-2048,0,0,893414,276443,64727,125015,49853,48705,84467,48874
2023-12-09 17:04:57.655670,-2048,0,0,893414,276443,64727,125015,49853,48705,84467,48874
2023-12-09 17:04:57.659762,-2048,0,0,893414,276443,64727,125015,49853,48705,84467,48874
2023-12-09 17:04:57.663298,-2048,0,0,893414,276443,64727,125015,49853,48705,84467,48874
2023-12-09 17:04:57.667349,-2048,0,0,893414,276443,64727,125015,49853,48705,84467,48874
2023-12-09 17:04:57.671428,-2048,0,0,893414,276443,64727,125015,49853,48705,84467,48874
2023-12-09 17:04:57.674954,-2048,0,0,893414,276443,64727,125015,49853,48705,84467,48874
2023-12-09 17:04:57.678975,-2048,0,0,893414,276443,64727,125015,49853,48705,84467,48874
2023-12-09 17:04:57.683067,-2048,0,0,893414,276443,64727,125015,49853,48705,84467,48874
2023-12-09 17:04:57.687158,-2048,0,0,893414,276443,64727,125015,49853,48705,84467,48874
2023-12-09 17:04:57.690677,-2048,0,0,893414,276443,64727,125015,49853,48705,84467,48874
2023-12-09 17:04:57.694741,-2048,0,0,893414,276443,64727,125015,49853,48705,84467,48874
2023-12-09 17:04:57.698828,-2048,0,0,893414,276443,64727,125015,49853,48705,84467,48874
2023-12-09 17:04:57.702408,-2048,0,0,893414,276443,64727,125015,49853,48705,84467,48874
2023-12-09 17:04:57.706419,-2048,0,0,893414,276443,64727,125015,49853,48705,84467,48874
2023-12-09 17:04:57.710418,-2048,0,0,893414,276443,64727,125015,49853,48705,84467,48874
2023-12-09 17:04:57.714428,-2048,0,0,893414,276443,64727,125015,49853,48705,84467,48874
2023-12-09 17:04:57.717935,-2048,0,0,893414,276443,64727,125015,49853,48705,84467,48874
2023-12-09 17:04:57.722252,-2048,0,0,893414,276443,64727,125015,49853,48705,84467,48874
2023-12-09 17:04:57.725797,-2048,0,0,893414,276443,64727,125015,49853,48705,84467,48874
2023-12-09 17:04:57.729889,-2048,0,0,893414,276443,64727,125015,49853,48705,84467,48874
2023-12-09 17:04:57.733983,-2048,0,0,893414,276443,64727,125015,49853,48705,84467,48874
2023-12-09 17:04:57.737550,-2048,0,0,893414,276443,64727,125015,49853,48705,84467,48874
2023-12-09 17:04:57.741583,-2048,0,0,893414,276443,64727,125015,49853,48705,84467,48874
2023-12-09 17:04:57.745676,-2048,0,0,893414,276443,64727,125015,49853,48705,84467,48874
2023-12-09 17:04:57.749185,-2048,0,0,893414,276443,64727,125015,49853,48705,84467,48874
2023-12-09 17:04:57.753449,-2048,0,0,893414,276443,64727,125015,49853,48705,84467,48874
2023-12-09 17:04:57.757094,-2048,0,0,893414,276443,64727,125015,49853,48705,84467,48874
2023-12-09 17:04:57.761180,-2048,0,0,893414,276443,64727,125015,49853,48705,84467,48874
2023-12-09 17:04:57.765274,-2048,0,0,893414,276443,64727,125015,49853,48705,84467,48874
2023-12-09 17:04:57.768843,-2048,0,0,893414,276443,64727,125015,49853,48705,84467,48874
2023-12-09 17:04:57.772903,-2048,0,0,893414,276443,64727,125015,49853,48705,84467,48874
2023-12-09 17:04:57.776976,-2048,0,0,893414,276443,64727,125015,49853,48705,84467,48874
2023-12-09 17:04:57.780550,-2048,0,0,893414,276443,64727,125015,49853,48705,84467,48874
2023-12-09 17:04:57.784622,-2048,0,0,893414,276443,64727,125015,49853,48705,84467,48874
2023-12-09 17:04:57.788695,-2048,0,0,893414,276443,64727,125015,49853,48705,84467,48874
2023-12-09 17:04:57.792285,-2048,0,0,893414,276443,64727,125015,49853,48705,84467,48874
2023-12-09 17:04:57.796358,-2048,0,0,893414,276443,64727,125015,49853,48705,84467,48874
2023-12-09 17:04:57.800410,-2048,0,0,893414,276443,64727,125015,49853,48705,84467,48874
2023-12-09 17:04:57.803937,-2048,0,0,893414,276443,64727,125015,49853,48705,84467,48874
2023-12-09 17:04:57.808045,-2048,0,0,893414,276443,64727,125015,49853,48705,84467,48874
2023-12-09 17:04:57.812136,-2048,0,0,893414,276443,64727,125015,49853,48705,84467,48874
2023-12-09 17:04:57.815729,-2048,0,0,893414,276443,64727,125015,49853,48705,84467,48874
2023-12-09 17:04:57.819814,-2048,0,0,893414,276443,64727,125015,49853,48705,84467,48874
2023-12-09 17:04:57.823875,-2048,0,0,893414,276443,64727,125015,49853,48705,84467,48874
2023-12-09 17:04:57.827439,-2048,0,0,893414,276443,64727,125015,49853,48705,84467,48874
2023-12-09 17:04:57.831530,-2048,0,0,893414,276443,64727,125015,49853,48705,84467,48874
2023-12-09 17:04:57.835564,-2048,0,0,893414,276443,64727,125015,49853,48705,84467,48874
2023-12-09 17:04:57.839107,-2048,0,0,893414,276443,64727,125015,49853,48705,84467,48874
2023-12-09 17:04:57.843189,-2048,0,0,893414,276443,64727,125015,49853,48705,84467,48874
2023-12-09 17:04:57.847243,-2048,0,0,893414,276443,64727,125015,49853,48705,84467,48874
2023-12-09 17:04:57.850768,-2048,0,0,893414,276443,64727,125015,49853,48705,84467,48874
2023-12-09 17:04:57.854851,-2048,0,0,893414,276443,64727,125015,49853,48705,84467,48874
2023-12-09 17:04:57.858900,-2048,0,0,893414,276443,64727,125015,49853,48705,84467,48874
2023-12-09 17:04:57.862986,-2048,0,0,893414,276443,64727,125015,49853,48705,84467,48874
2023-12-09 17:04:57.866518,-2048,0,0,893414,276443,64727,125015,49853,48705,84467,48874
2023-12-09 17:04:57.870605,-2048,0,0,893414,276443,64727,125015,49853,48705,84467,48874
2023-12-09 17:04:57.874670,-2048,0,0,893414,276443,64727,125015,49853,48705,84467,48874
2023-12-09 17:04:57.878261,-2048,0,0,893414,276443,64727,125015,49853,48705,84467,48874
2023-12-09 17:04:57.882310,-2048,0,0,893414,276443,64727,125015,49853,48705,84467,48874
2023-12-09 17:04:57.886402,-2048,0,0,893414,276443,64727,125015,49853,48705,84467,48874
2023-12-09 17:04:57.889963,-2048,0,0,893414,276443,64727,125015,49853,48705,84467,48874
2023-12-09 17:04:57.894050,-2048,0,0,893414,276443,64727,125015,49853,48705,84467,48874
2023-12-09 17:04:57.898089,-2048,0,0,893414,276443,64727,125015,49853,48705,84467,48874
2023-12-09 17:04:57.901670,-2048,0,0,893414,276443,64727,125015,49853,48705,84467,48874
2023-12-09 17:04:57.905751,-2048,0,0,893414,276443,64727,125015,49853,48705,84467,48874
2023-12-09 17:04:57.909842,-2048,0,0,893414,276443,64727,125015,49853,48705,84467,48874
2023-12-09 17:04:57.913412,-2048,0,0,893414,276443,64727,125015,49853,48705,84467,48874
2023-12-09 17:04:57.917503,-2048,0,0,893414,276443,64727,125015,49853,48705,84467,48874
2023-12-09 17:04:57.921089,-2048,0,0,893414,276443,64727,125015,49853,48705,84467,48874
2023-12-09 17:04:57.925155,-2048,0,0,893414,276443,64727,125015,49853,48705,84467,48874
2023-12-09 17:04:57.929215,-2048,0,0,893414,276443,64727,125015,49853,48705,84467,48874
2023-12-09 17:04:57.933307,-2048,0,0,893414,276443,64727,125015,49853,48705,84467,48874
2023-12-09 17:04:57.936900,-2048,0,0,893414,276443,64727,125015,49853,48705,84467,48874
2023-12-09 17:04:57.940993,-2048,0,0,893414,276443,64727,125015,49853,48705,84467,48874
2023-12-09 17:04:57.944535,-2048,0,0,893414,276443,64727,125015,49853,48705,84467,48874
2023-12-09 17:04:57.948603,-2048,0,0,893414,276443,64727,125015,49853,48705,84467,48874
2023-12-09 17:04:57.952695,-2048,0,0,893414,276443,64727,125015,49853,48705,84467,48874
2023-12-09 17:04:57.956274,-2048,0,0,893414,276443,64727,125015,49853,48705,84467,48874
2023-12-09 17:04:57.960400,-2048,0,0,893414,276443,64727,125015,49853,48705,84467,48874
2023-12-09 17:04:57.964485,-2048,0,0,893414,276443,64727,125015,49853,48705,84467,48874
2023-12-09 17:04:57.968029,-2048,0,0,893414,276443,64727,125015,49853,48705,84467,48874
2023-12-09 17:04:57.972077,-2048,0,0,893414,276443,64727,125015,49853,48705,84467,48874
2023-12-09 17:04:57.976175,-2048,0,0,893414,276443,64727,125015,49853,48705,84467,48874
2023-12-09 17:04:57.979726,-2048,0,0,893414,276443,64727,125015,49853,48705,84467,48874
2023-12-09 17:04:57.983815,-2048,0,0,893414,276443,64727,125015,49853,48705,84467,48874
2023-12-09 17:04:57.987906,-2048,0,0,893414,276443,64727,125015,49853,48705,84467,48874
2023-12-09 17:04:57.991494,-2048,0,0,893414,276443,64727,125015,49853,48705,84467,48874
2023-12-09 17:04:57.995559,-2048,0,0,893414,276443,64727,125015,49853,48705,84467,48874
2023-12-09 17:04:57.999646,-2048,0,0,893414,276443,64727,125015,49853,48705,84467,48874
2023-12-09 17:04:58.003452,-2048,0,0,893414,276443,64727,125015,49853,48705,84467,48874
2023-12-09 17:04:58.007008,-2048,0,0,893414,276443,64727,125015,49853,48705,84467,48874
2023-12-09 17:04:58.011055,-2048,0,0,893414,276443,64727,125015,49853,48705,84467,48874
2023-12-09 17:04:58.015171,-2048,0,0,893414,276443,64727,125015,49853,48705,84467,48874
2023-12-09 17:04:58.018757,-2048,0,0,893414,276443,64727,125015,49853,48705,84467,48874
2023-12-09 17:04:58.022847,-2048,0,0,893414,276443,64727,125015,49853,48705,84467,48874
2023-12-09 17:04:58.026933,-2048,0,0,893414,276443,64727,125015,49853,48705,84467,48874
2023-12-09 17:04:58.030524,-2048,0,0,893414,276443,64727,125015,49853,48705,84467,48874
2023-12-09 17:04:58.034617,-2048,0,0,893414,276443,64727,125015,49853,48705,84467,48874
2023-12-09 17:04:58.038683,-2048,0,0,893414,276443,64727,125015,49853,48705,84467,48874
2023-12-09 17:04:58.042384,-2048,0,0,893414,276443,64727,125015,49853,48705,84467,48874
2023-12-09 17:04:58.046476,-2048,0,0,893414,276443,64727,125015,49853,48705,84467,48874
2023-12-09 17:04:58.050062,-2048,0,0,893414,276443,64727,125015,49853,48705,84467,48874
2023-12-09 17:04:58.054091,-2048,0,0,893414,276443,64727,125015,49853,48705,84467,48874
2023-12-09 17:04:58.058186,-2048,0,0,893414,276443,64727,125015,49853,48705,84467,48874
2023-12-09 17:04:58.061778,-2048,0,0,893414,276443,64727,125015,49853,48705,84467,48874
2023-12-09 17:04:58.065806,-2048,0,0,893414,276443,64727,125015,49853,48705,84467,48874
2023-12-09 17:04:58.069874,-2048,0,0,893414,276443,64727,125015,49853,48705,84467,48874
2023-12-09 17:04:58.073466,-2048,0,0,893414,276443,64727,125015,49853,48705,84467,48874
2023-12-09 17:04:58.077557,-2048,0,0,893414,276443,64727,125015,49853,48705,84467,48874
2023-12-09 17:04:58.081649,-2048,0,0,893414,276443,64727,125015,49853,48705,84467,48874
2023-12-09 17:04:58.085215,-2048,0,0,893414,276443,64727,125015,49853,48705,84467,48874
2023-12-09 17:04:58.089301,-2048,0,0,893414,276443,64727,125015,49853,48705,84467,48874
2023-12-09 17:04:58.093312,-2048,0,0,893414,276443,64727,125015,49853,48705,84467,48874
2023-12-09 17:04:58.096912,-2048,0,0,893414,276443,64727,125015,49853,48705,84467,48874
2023-12-09 17:04:58.101161,-2048,0,0,893414,276443,64727,125015,49853,48705,84467,48874
2023-12-09 17:04:58.104741,-2048,0,0,893414,276443,64727,125015,49853,48705,84467,48874
2023-12-09 17:04:58.108830,-2048,0,0,893414,276443,64727,125015,49853,48705,84467,48874
2023-12-09 17:04:58.112925,-2048,0,0,893414,276443,64727,125015,49853,48705,84467,48874
2023-12-09 17:04:58.116485,-2048,0,0,893414,276443,64727,125015,49853,48705,84467,48874
2023-12-09 17:04:58.120514,-2048,0,0,893414,276443,64727,125015,49853,48705,84467,48874
2023-12-09 17:04:58.124892,-2048,0,0,893414,276443,64727,125015,49853,48705,84467,48874
2023-12-09 17:04:58.128464,-2048,0,0,893414,276443,64727,125015,49853,48705,84467,48874
2023-12-09 17:04:58.132040,-2048,0,0,893414,276443,64727,125015,49853,48705,84467,48874
2023-12-09 17:04:58.136132,-2048,0,0,893414,276443,64727,125015,49853,48705,84467,48874
2023-12-09 17:04:58.140223,-2048,0,0,893414,276443,64727,125015,49853,48705,84467,48874
2023-12-09 17:04:58.143788,-2048,0,0,893414,276443,64727,125015,49853,48705,84467,48874
2023-12-09 17:04:58.147836,-2048,0,0,893414,276443,64727,125015,49853,48705,84467,48874
2023-12-09 17:04:58.152233,-2048,0,0,893414,276443,64727,125015,49853,48705,84467,48874
2023-12-09 17:04:58.155729,-2048,0,0,893414,276443,64727,125015,49853,48705,84467,48874
2023-12-09 17:04:58.159532,-2048,0,0,893414,276443,64727,125015,49853,48705,84467,48874
2023-12-09 17:04:58.163598,-2048,0,0,893414,276443,64727,125015,49853,48705,84467,48874
2023-12-09 17:04:58.167188,-2048,0,0,893414,276443,64727,125015,49853,48705,84467,48874
2023-12-09 17:04:58.171279,-2048,0,0,893414,276443,64727,125015,49853,48705,84467,48874
2023-12-09 17:04:58.175365,-2048,0,0,893414,276443,64727,125015,49853,48705,84467,48874
2023-12-09 17:04:58.178908,-2048,0,0,893414,276443,64727,125015,49853,48705,84467,48874
2023-12-09 17:04:58.183000,-2048,0,0,893414,276443,64727,125015,49853,48705,84467,48874
2023-12-09 17:04:58.187086,-2048,0,0,893414,276443,64727,125015,49853,48705,84467,48874
2023-12-09 17:04:58.190656,-2048,0,0,893414,276443,64727,125015,49853,48705,84467,48874
2023-12-09 17:04:58.194632,-2048,0,0,893414,276443,64727,125015,49853,48705,84467,48874
2023-12-09 17:04:58.198620,-2048,0,0,893414,276443,64727,125015,49853,48705,84467,48874
2023-12-09 17:04:58.202477,-2048,0,0,893414,276443,64727,125015,49853,48705,84467,48874
2023-12-09 17:04:58.206300,-2048,0,0,893414,276443,64727,125015,49853,48705,84467,48874
2023-12-09 17:04:58.210339,-2048,0,0,893414,276443,64727,125015,49853,48705,84467,48874
2023-12-09 17:04:58.214412,-2048,0,0,893414,276443,64727,125015,49853,48705,84467,48874
2023-12-09 17:04:58.217911,-2048,0,0,893414,276443,64727,125015,49853,48705,84467,48874
2023-12-09 17:04:58.221968,-2048,0,0,893414,276443,64727,125015,49853,48705,84467,48874
2023-12-09 17:04:58.226044,-2048,0,0,893414,276443,64727,125015,49853,48705,84467,48874
2023-12-09 17:04:58.230138,-2048,0,0,893414,276443,64727,125015,49853,48705,84467,48874
2023-12-09 17:04:58.233727,-2048,0,0,893414,276443,64727,125015,49853,48705,84467,48874
2023-12-09 17:04:58.237813,-2048,0,0,893414,276443,64727,125015,49853,48705,84467,48874
2023-12-09 17:04:58.241459,-2048,0,0,893414,276443,64727,125015,49853,48705,84467,48874
2023-12-09 17:04:58.245551,-2048,0,0,893414,276443,64727,125015,49853,48705,84467,48874
2023-12-09 17:04:58.249619,-2048,0,0,893414,276443,64727,125015,49853,48705,84467,48874
2023-12-09 17:04:58.253210,-2048,0,0,893414,276443,64727,125015,49853,48705,84467,48874
2023-12-09 17:04:58.257328,-2048,0,0,893414,276443,64727,125015,49853,48705,84467,48874
2023-12-09 17:04:58.261418,-2048,0,0,893414,276443,64727,125015,49853,48705,84467,48874
2023-12-09 17:04:58.265006,-2048,0,0,893414,276443,64727,125015,49853,48705,84467,48874
2023-12-09 17:04:58.269097,-2048,0,0,893414,276443,64727,125015,49853,48705,84467,48874
2023-12-09 17:04:58.272661,-2048,0,0,893414,276443,64727,125015,49853,48705,84467,48874
2023-12-09 17:04:58.276754,-2048,0,0,893414,276443,64727,125015,49853,48705,84467,48874
2023-12-09 17:04:58.280822,-2048,0,0,893414,276443,64727,125015,49853,48705,84467,48874
2023-12-09 17:04:58.284413,-2048,0,0,893414,276443,64727,125015,49853,48705,84467,48874
2023-12-09 17:04:58.288459,-2048,0,0,893414,276443,64727,125015,49853,48705,84467,48874
2023-12-09 17:04:58.292552,-2048,0,0,893414,276443,64727,125015,49853,48705,84467,48874
2023-12-09 17:04:58.296143,-2048,0,0,893414,276443,64727,125015,49853,48705,84467,48874
2023-12-09 17:04:58.300237,-2048,0,0,893414,276443,64727,125015,49853,48705,84467,48874
2023-12-09 17:04:58.304308,-2048,0,0,893414,276443,64727,125015,49853,48705,84467,48874
2023-12-09 17:04:58.307876,-2048,0,0,893414,276443,64727,125015,49853,48705,84467,48874
2023-12-09 17:04:58.311971,-2048,0,0,893414,276443,64727,125015,49853,48705,84467,48874
2023-12-09 17:04:58.316062,-2048,0,0,893414,276443,64727,125015,49853,48705,84467,48874
2023-12-09 17:04:58.319632,-2048,0,0,893414,276443,64727,125015,49853,48705,84467,48874
2023-12-09 17:04:58.323729,-2048,0,0,893414,276443,64727,125015,49853,48705,84467,48874
2023-12-09 17:04:58.327821,-2048,0,0,893414,276443,64727,125015,49853,48705,84467,48874
2023-12-09 17:04:58.331414,-2048,0,0,893414,276443,64727,125015,49853,48705,84467,48874
2023-12-09 17:04:58.335475,-2048,0,0,893414,276443,64727,125015,49853,48705,84467,48874
2023-12-09 17:04:58.339011,-2048,0,0,893414,276443,64727,125015,49853,48705,84467,48874
2023-12-09 17:04:58.343079,-2048,0,0,893414,276443,64727,125015,49853,48705,84467,48874
2023-12-09 17:04:58.347171,-2048,0,0,893414,276443,64727,125015,49853,48705,84467,48874
2023-12-09 17:04:58.351183,-2048,0,0,893414,276443,64727,125015,49853,48705,84467,48874
2023-12-09 17:04:58.354673,-2048,0,0,893414,276443,64727,125015,49853,48705,84467,48874
2023-12-09 17:04:58.358766,-2048,0,0,893414,276443,64727,125015,49853,48705,84467,48874
2023-12-09 17:04:58.362856,-2048,0,0,893414,276443,64727,125015,49853,48705,84467,48874
2023-12-09 17:04:58.366407,-2048,0,0,893414,276443,64727,125015,49853,48705,84467,48874
2023-12-09 17:04:58.370475,-2048,0,0,893414,276443,64727,125015,49853,48705,84467,48874
2023-12-09 17:04:58.374569,-2048,0,0,893414,276443,64727,125015,49853,48705,84467,48874
2023-12-09 17:04:58.378228,-2048,0,0,893414,276443,64727,125015,49853,48705,84467,48874
2023-12-09 17:04:58.382290,-2048,0,0,893414,276443,64727,125015,49853,48705,84467,48874
2023-12-09 17:04:58.386382,-2048,0,0,893414,276443,64727,125015,49853,48705,84467,48874
2023-12-09 17:04:58.389971,-2048,0,0,893414,276443,64727,125015,49853,48705,84467,48874
2023-12-09 17:04:58.394060,-2048,0,0,893414,276443,64727,125015,49853,48705,84467,48874
2023-12-09 17:04:58.397542,-2048,0,0,893414,276443,64727,125015,49853,48705,84467,48874
2023-12-09 17:04:58.401547,-2048,0,0,893414,276443,64727,125015,49853,48705,84467,48874
2023-12-09 17:04:58.405628,-2048,0,0,893414,276443,64727,125015,49853,48705,84467,48874
2023-12-09 17:04:58.409714,-2048,0,0,893414,276443,64727,125015,49853,48705,84467,48874
2023-12-09 17:04:58.413264,-2048,0,0,893414,276443,64727,125015,49853,48705,84467,48874
2023-12-09 17:04:58.417356,-2048,0,0,893414,276443,64727,125015,49853,48705,84467,48874
2023-12-09 17:04:58.421440,-2048,0,0,893414,276443,64727,125015,49853,48705,84467,48874
2023-12-09 17:04:58.425033,-2048,0,0,893414,276443,64727,125015,49853,48705,84467,48874
2023-12-09 17:04:58.429129,-2048,0,0,893414,276443,64727,125015,49853,48705,84467,48874
2023-12-09 17:04:58.433219,-2048,0,0,893414,276443,64727,125015,49853,48705,84467,48874
2023-12-09 17:04:58.436798,-2048,0,0,893414,276443,64727,125015,49853,48705,84467,48874
2023-12-09 17:04:58.440888,-2048,0,0,893414,276443,64727,125015,49853,48705,84467,48874
2023-12-09 17:04:58.444950,-2048,0,0,893414,276443,64727,125015,49853,48705,84467,48874
2023-12-09 17:04:58.448536,-2048,0,0,893414,276443,64727,125015,49853,48705,84467,48874
2023-12-09 17:04:58.452629,-2048,0,0,893414,276443,64727,125015,49853,48705,84467,48874
2023-12-09 17:04:58.456709,-2048,0,0,893414,276443,64727,125015,49853,48705,84467,48874
2023-12-09 17:04:58.460292,-2048,0,0,893414,276443,64727,125015,49853,48705,84467,48874
2023-12-09 17:04:58.464377,-2048,0,0,893414,276443,64727,125015,49853,48705,84467,48874
2023-12-09 17:04:58.467969,-2048,0,0,893414,276443,64727,125015,49853,48705,84467,48874
2023-12-09 17:04:58.472031,-2048,0,0,893414,276443,64727,125015,49853,48705,84467,48874
2023-12-09 17:04:58.476036,-2048,0,0,893414,276443,64727,125015,49853,48705,84467,48874
2023-12-09 17:04:58.480127,-2048,0,0,893414,276443,64727,125015,49853,48705,84467,48874
2023-12-09 17:04:58.483717,-2048,0,0,893414,276443,64727,125015,49853,48705,84467,48874
2023-12-09 17:04:58.487778,-2048,0,0,893414,276443,64727,125015,49853,48705,84467,48874
2023-12-09 17:04:58.491766,-2048,0,0,893414,276443,64727,125015,49853,48705,84467,48874
2023-12-09 17:04:58.495221,-2048,0,0,893414,276443,64727,125015,49853,48705,84467,48874
2023-12-09 17:04:58.499312,-2048,0,0,893414,276443,64727,125015,49853,48705,84467,48874
2023-12-09 17:04:58.503404,-2048,0,0,893414,276443,64727,125015,49853,48705,84467,48874
2023-12-09 17:04:58.507486,-2048,0,0,893414,276443,64727,125015,49853,48705,84467,48874
2023-12-09 17:04:58.511076,-2048,0,0,893414,276443,64727,125015,49853,48705,84467,48874
2023-12-09 17:04:58.515160,-2048,0,0,893414,276443,64727,125015,49853,48705,84467,48874
2023-12-09 17:04:58.518727,-2048,0,0,893414,276443,64727,125015,49853,48705,84467,48874
2023-12-09 17:04:58.522776,-2048,0,0,893414,276443,64727,125015,49853,48705,84467,48874
2023-12-09 17:04:58.526868,-2048,0,0,893414,276443,64727,125015,49853,48705,84467,48874
2023-12-09 17:04:58.530913,-2048,0,0,893414,276443,64727,125015,49853,48705,84467,48874
2023-12-09 17:04:58.534476,-2048,0,0,893414,276443,64727,125015,49853,48705,84467,48874
2023-12-09 17:04:58.538548,-2048,0,0,893414,276443,64727,125015,49853,48705,84467,48874
2023-12-09 17:04:58.542641,-2048,0,0,893414,276443,64727,125015,49853,48705,84467,48874
2023-12-09 17:04:58.546231,-2048,0,0,893414,276443,64727,125015,49853,48705,84467,48874
2023-12-09 17:04:58.550300,-2048,0,0,893414,276443,64727,125015,49853,48705,84467,48874
2023-12-09 17:04:58.554327,-2048,0,0,893414,276443,64727,125015,49853,48705,84467,48874
2023-12-09 17:04:58.557916,-2048,0,0,893414,276443,64727,125015,49853,48705,84467,48874
2023-12-09 17:04:58.562002,-2048,0,0,893414,276443,64727,125015,49853,48705,84467,48874
2023-12-09 17:04:58.566093,-2048,0,0,893414,276443,64727,125015,49853,48705,84467,48874
2023-12-09 17:04:58.569669,-2048,0,0,893414,276443,64727,125015,49853,48705,84467,48874
2023-12-09 17:04:58.573759,-2048,0,0,893414,276443,64727,125015,49853,48705,84467,48874
2023-12-09 17:04:58.577258,-2048,0,0,893414,276443,64727,125015,49853,48705,84467,48874
2023-12-09 17:04:58.581287,-2048,0,0,893414,276443,64727,125015,49853,48705,84467,48874
2023-12-09 17:04:58.585331,-2048,0,0,893414,276443,64727,125015,49853,48705,84467,48874
2023-12-09 17:04:58.589420,-2048,0,0,893414,276443,64727,125015,49853,48705,84467,48874
2023-12-09 17:04:58.593013,-2048,0,0,893414,276443,64727,125015,49853,48705,84467,48874
2023-12-09 17:04:58.597166,-2048,0,0,893414,276443,64727,125015,49853,48705,84467,48874
2023-12-09 17:04:58.601162,-2048,0,0,893414,276443,64727,125015,49853,48705,84467,48874
2023-12-09 17:04:58.604742,-2048,0,0,893414,276443,64727,125015,49853,48705,84467,48874
2023-12-09 17:04:58.608811,-2048,0,0,893414,276443,64727,125015,49853,48705,84467,48874
2023-12-09 17:04:58.612909,-2048,0,0,893414,276443,64727,125015,49853,48705,84467,48874
2023-12-09 17:04:58.616465,-2048,0,0,893414,276443,64727,125015,49853,48705,84467,48874
2023-12-09 17:04:58.620455,-2048,0,0,893414,276443,64727,125015,49853,48705,84467,48874
2023-12-09 17:04:58.624513,-2048,0,0,893414,276443,64727,125015,49853,48705,84467,48874
2023-12-09 17:04:58.628587,-2048,0,0,893414,276443,64727,125015,49853,48705,84467,48874
2023-12-09 17:04:58.632161,-2048,0,0,893414,276443,64727,125015,49853,48705,84467,48874
2023-12-09 17:04:58.636253,-2048,0,0,893414,276443,64727,125015,49853,48705,84467,48874
2023-12-09 17:04:58.639819,-2048,0,0,893414,276443,64727,125015,49853,48705,84467,48874
2023-12-09 17:04:58.643906,-2048,0,0,893414,276443,64727,125015,49853,48705,84467,48874
2023-12-09 17:04:58.647965,-2048,0,0,893414,276443,64727,125015,49853,48705,84467,48874
2023-12-09 17:04:58.652057,-2048,0,0,893414,276443,64727,125015,49853,48705,84467,48874
2023-12-09 17:04:58.655639,-2048,0,0,893414,276443,64727,125015,49853,48705,84467,48874
2023-12-09 17:04:58.659729,-2048,0,0,893414,276443,64727,125015,49853,48705,84467,48874
2023-12-09 17:04:58.663296,-2048,0,0,893414,276443,64727,125015,49853,48705,84467,48874
2023-12-09 17:04:58.667382,-2048,0,0,893414,276443,64727,125015,49853,48705,84467,48874
2023-12-09 17:04:58.671468,-2048,0,0,893414,276443,64727,125015,49853,48705,84467,48874
2023-12-09 17:04:58.675057,-2048,0,0,893414,276443,64727,125015,49853,48705,84467,48874
2023-12-09 17:04:58.679080,-2048,0,0,893414,276443,64727,125015,49853,48705,84467,48874
2023-12-09 17:04:58.683171,-2048,0,0,893414,276443,64727,125015,49853,48705,84467,48874
2023-12-09 17:04:58.686761,-2048,0,0,893414,276443,64727,125015,49853,48705,84467,48874
2023-12-09 17:04:58.690843,-2048,0,0,893414,276443,64727,125015,49853,48705,84467,48874
2023-12-09 17:04:58.694948,-2048,0,0,893414,276443,64727,125015,49853,48705,84467,48874
2023-12-09 17:04:58.698521,-2048,0,0,893414,276443,64727,125015,49853,48705,84467,48874
2023-12-09 17:04:58.702613,-2048,0,0,893414,276443,64727,125015,49853,48705,84467,48874
2023-12-09 17:04:58.706711,-2048,0,0,893414,276443,64727,125015,49853,48705,84467,48874
2023-12-09 17:04:58.710328,-2048,0,0,893414,276443,64727,125015,49853,48705,84467,48874
2023-12-09 17:04:58.714309,-2048,0,0,893414,276443,64727,125015,49853,48705,84467,48874
2023-12-09 17:04:58.718230,-2048,0,0,893414,276443,64727,125015,49853,48705,84467,48874
2023-12-09 17:04:58.722122,-2048,0,0,893414,276443,64727,125015,49853,48705,84467,48874
2023-12-09 17:04:58.726057,-2048,0,0,893414,276443,64727,125015,49853,48705,84467,48874
2023-12-09 17:04:58.729617,-2048,0,0,893414,276443,64727,125015,49853,48705,84467,48874
2023-12-09 17:04:58.733690,-2048,0,0,893414,276443,64727,125015,49853,48705,84467,48874
2023-12-09 17:04:58.737392,-2048,0,0,893414,276443,64727,125015,49853,48705,84467,48874
2023-12-09 17:04:58.741367,-2048,0,0,893414,276443,64727,125015,49853,48705,84467,48874
2023-12-09 17:04:58.745438,-2048,0,0,893414,276443,64727,125015,49853,48705,84467,48874
2023-12-09 17:04:58.749531,-2048,0,0,893414,276443,64727,125015,49853,48705,84467,48874
2023-12-09 17:04:58.753123,-2048,0,0,893414,276443,64727,125015,49853,48705,84467,48874
2023-12-09 17:04:58.757147,-2048,0,0,893414,276443,64727,125015,49853,48705,84467,48874
2023-12-09 17:04:58.761234,-2048,0,0,893414,276443,64727,125015,49853,48705,84467,48874
2023-12-09 17:04:58.765323,-2048,0,0,893414,276443,64727,125015,49853,48705,84467,48874
2023-12-09 17:04:58.768914,-2048,0,0,893414,276443,64727,125015,49853,48705,84467,48874
2023-12-09 17:04:58.772977,-2048,0,0,893414,276443,64727,125015,49853,48705,84467,48874
2023-12-09 17:04:58.776563,-2048,0,0,893414,276443,64727,125015,49853,48705,84467,48874
2023-12-09 17:04:58.780627,-2048,0,0,893414,276443,64727,125015,49853,48705,84467,48874
2023-12-09 17:04:58.784718,-2048,0,0,893414,276443,64727,125015,49853,48705,84467,48874
2023-12-09 17:04:58.788297,-2048,0,0,893414,276443,64727,125015,49853,48705,84467,48874
2023-12-09 17:04:58.792387,-2048,0,0,893414,276443,64727,125015,49853,48705,84467,48874
2023-12-09 17:04:58.796480,-2048,0,0,893414,276443,64727,125015,49853,48705,84467,48874
2023-12-09 17:04:58.800069,-2048,0,0,893414,276443,64727,125015,49853,48705,84467,48874
2023-12-09 17:04:58.804149,-2048,0,0,893414,276443,64727,125015,49853,48705,84467,48874
2023-12-09 17:04:58.808234,-2048,0,0,893414,276443,64727,125015,49853,48705,84467,48874
2023-12-09 17:04:58.811821,-2048,0,0,893414,276443,64727,125015,49853,48705,84467,48874
2023-12-09 17:04:58.815839,-2048,0,0,893414,276443,64727,125015,49853,48705,84467,48874
2023-12-09 17:04:58.819923,-2048,0,0,893414,276443,64727,125015,49853,48705,84467,48874
2023-12-09 17:04:58.823524,-2048,0,0,893414,276443,64727,125015,49853,48705,84467,48874
2023-12-09 17:04:58.827609,-2048,0,0,893414,276443,64727,125015,49853,48705,84467,48874
2023-12-09 17:04:58.831710,-2048,0,0,893414,276443,64727,125015,49853,48705,84467,48874
2023-12-09 17:04:58.835229,-2048,0,0,893414,276443,64727,125015,49853,48705,84467,48874
2023-12-09 17:04:58.839432,-2048,0,0,893414,276443,64727,125015,49853,48705,84467,48874
2023-12-09 17:04:58.843023,-2048,0,0,893414,276443,64727,125015,49853,48705,84467,48874
2023-12-09 17:04:58.847125,-2048,0,0,893414,276443,64727,125015,49853,48705,84467,48874
2023-12-09 17:04:58.850948,-2048,0,0,893414,276443,64727,125015,49853,48705,84467,48874
2023-12-09 17:04:58.854825,-2048,0,0,893414,276443,64727,125015,49853,48705,84467,48874
2023-12-09 17:04:58.858660,-2048,0,0,893414,276443,64727,125015,49853,48705,84467,48874
2023-12-09 17:04:58.862594,-2048,0,0,893414,276443,64727,125015,49853,48705,84467,48874
2023-12-09 17:04:58.866547,-2048,0,0,893414,276443,64727,125015,49853,48705,84467,48874
2023-12-09 17:04:58.870308,-2048,0,0,893414,276443,64727,125015,49853,48705,84467,48874
2023-12-09 17:04:58.874156,-2048,0,0,893414,276443,64727,125015,49853,48705,84467,48874
2023-12-09 17:04:58.877930,-2048,0,0,893414,276443,64727,125015,49853,48705,84467,48874
2023-12-09 17:04:58.882315,-2048,0,0,893414,276443,64727,125015,49853,48705,84467,48874
2023-12-09 17:04:58.886114,-2048,0,0,893414,276443,64727,125015,49853,48705,84467,48874
2023-12-09 17:04:58.890289,-2048,0,0,893414,276443,64727,125015,49853,48705,84467,48874
2023-12-09 17:04:58.893565,-2048,0,0,893414,276443,64727,125015,49853,48705,84467,48874
2023-12-09 17:04:58.897495,-2048,0,0,893414,276443,64727,125015,49853,48705,84467,48874
2023-12-09 17:04:58.901263,-2048,0,0,893414,276443,64727,125015,49853,48705,84467,48874
2023-12-09 17:04:58.905561,-2048,0,0,893414,276443,64727,125015,49853,48705,84467,48874
2023-12-09 17:04:58.909363,-2048,0,0,893414,276443,64727,125015,49853,48705,84467,48874
2023-12-09 17:04:58.913409,-2048,0,0,893414,276443,64727,125015,49853,48705,84467,48874
2023-12-09 17:04:58.917448,-2048,0,0,893414,276443,64727,125015,49853,48705,84467,48874
2023-12-09 17:04:58.921483,-2048,0,0,893414,276443,64727,125015,49853,48705,84467,48874
2023-12-09 17:04:58.925032,-2048,0,0,893414,276443,64727,125015,49853,48705,84467,48874
2023-12-09 17:04:58.929036,-2048,0,0,893414,276443,64727,125015,49853,48705,84467,48874
2023-12-09 17:04:58.933091,-2048,0,0,893414,276443,64727,125015,49853,48705,84467,48874
2023-12-09 17:04:58.937147,-2048,0,0,893414,276443,64727,125015,49853,48705,84467,48874
2023-12-09 17:04:58.940735,-2048,0,0,893414,276443,64727,125015,49853,48705,84467,48874
2023-12-09 17:04:58.944804,-2048,0,0,893414,276443,64727,125015,49853,48705,84467,48874
2023-12-09 17:04:58.948893,-2048,0,0,893414,276443,64727,125015,49853,48705,84467,48874
2023-12-09 17:04:58.952482,-2048,0,0,893414,276443,64727,125015,49853,48705,84467,48874
2023-12-09 17:04:58.956565,-2048,0,0,893414,276443,64727,125015,49853,48705,84467,48874
2023-12-09 17:04:58.960210,-2048,0,0,893414,276443,64727,125015,49853,48705,84467,48874
2023-12-09 17:04:58.964300,-2048,0,0,893414,276443,64727,125015,49853,48705,84467,48874
2023-12-09 17:04:58.968365,-2048,0,0,893414,276443,64727,125015,49853,48705,84467,48874
2023-12-09 17:04:58.971957,-2048,0,0,893414,276443,64727,125015,49853,48705,84467,48874
2023-12-09 17:04:58.976026,-2048,0,0,893414,276443,64727,125015,49853,48705,84467,48874
2023-12-09 17:04:58.980117,-2048,0,0,893414,276443,64727,125015,49853,48705,84467,48874
2023-12-09 17:04:58.983709,-2048,0,0,893414,276443,64727,125015,49853,48705,84467,48874
2023-12-09 17:04:58.987798,-2048,0,0,893414,276443,64727,125015,49853,48705,84467,48874
2023-12-09 17:04:58.991832,-2048,0,0,893414,276443,64727,125015,49853,48705,84467,48874
2023-12-09 17:04:58.995422,-2048,0,0,893414,276443,64727,125015,49853,48705,84467,48874
2023-12-09 17:04:58.999490,-2048,0,0,893414,276443,64727,125015,49853,48705,84467,48874
2023-12-09 17:04:59.003582,-2048,0,0,893414,276443,64727,125015,49853,48705,84467,48874
2023-12-09 17:04:59.007186,-2048,0,0,893414,276443,64727,125015,49853,48705,84467,48874
2023-12-09 17:04:59.011276,-2048,0,0,893414,276443,64727,125015,49853,48705,84467,48874
2023-12-09 17:04:59.014867,-2048,0,0,893414,276443,64727,125015,49853,48705,84467,48874
2023-12-09 17:04:59.018959,-2048,0,0,893414,276443,64727,125015,49853,48705,84467,48874
2023-12-09 17:04:59.023028,-2048,0,0,893414,276443,64727,125015,49853,48705,84467,48874
2023-12-09 17:04:59.026620,-2048,0,0,893414,276443,64727,125015,49853,48705,84467,48874
2023-12-09 17:04:59.030711,-2048,0,0,893414,276443,64727,125015,49853,48705,84467,48874
2023-12-09 17:04:59.034803,-2048,0,0,893414,276443,64727,125015,49853,48705,84467,48874
2023-12-09 17:04:59.038368,-2048,0,0,893414,276443,64727,125015,49853,48705,84467,48874
2023-12-09 17:04:59.042458,-2048,0,0,893414,276443,64727,125015,49853,48705,84467,48874
2023-12-09 17:04:59.046550,-2048,0,0,893414,276443,64727,125015,49853,48705,84467,48874
2023-12-09 17:04:59.050141,-2048,0,0,893414,276443,64727,125015,49853,48705,84467,48874
2023-12-09 17:04:59.054177,-2048,0,0,893414,276443,64727,125015,49853,48705,84467,48874
2023-12-09 17:04:59.058144,-2048,0,0,893414,276443,64727,125015,49853,48705,84467,48874
2023-12-09 17:04:59.061745,-2048,0,0,893414,276443,64727,125015,49853,48705,84467,48874
2023-12-09 17:04:59.065767,-2048,0,0,893414,276443,64727,125015,49853,48705,84467,48874
2023-12-09 17:04:59.070117,-2048,0,0,893414,276443,64727,125015,49853,48705,84467,48874
2023-12-09 17:04:59.073700,-2048,0,0,893414,276443,64727,125015,49853,48705,84467,48874
2023-12-09 17:04:59.077786,-2048,0,0,893414,276443,64727,125015,49853,48705,84467,48874
2023-12-09 17:04:59.081378,-2048,0,0,893414,276443,64727,125015,49853,48705,84467,48874
2023-12-09 17:04:59.085416,-2048,0,0,893414,276443,64727,125015,49853,48705,84467,48874
2023-12-09 17:04:59.089479,-2048,0,0,893414,276443,64727,125015,49853,48705,84467,48874
2023-12-09 17:04:59.093071,-2048,0,0,893414,276443,64727,125015,49853,48705,84467,48874
2023-12-09 17:04:59.097093,-2048,0,0,893414,276443,64727,125015,49853,48705,84467,48874
2023-12-09 17:04:59.101399,-2048,0,0,893414,276443,64727,125015,49853,48705,84467,48874
2023-12-09 17:04:59.104831,-2048,0,0,893414,276443,64727,125015,49853,48705,84467,48874
2023-12-09 17:04:59.108781,-2048,0,0,893414,276443,64727,125015,49853,48705,84467,48874
2023-12-09 17:04:59.112717,-2048,0,0,893414,276443,64727,125015,49853,48705,84467,48874
2023-12-09 17:04:59.116826,-2048,0,0,893414,276443,64727,125015,49853,48705,84467,48874
2023-12-09 17:04:59.120279,-2048,0,0,893414,276443,64727,125015,49853,48705,84467,48874
2023-12-09 17:04:59.124227,-2048,0,0,893414,276443,64727,125015,49853,48705,84467,48874
2023-12-09 17:04:59.128174,-2048,0,0,893414,276443,64727,125015,49853,48705,84467,48874
2023-12-09 17:04:59.132208,-2048,0,0,893414,276443,64727,125015,49853,48705,84467,48874
2023-12-09 17:04:59.136141,-2048,0,0,893414,276443,64727,125015,49853,48705,84467,48874
2023-12-09 17:04:59.140110,-2048,0,0,893414,276443,64727,125015,49853,48705,84467,48874
2023-12-09 17:04:59.143988,-2048,0,0,893414,276443,64727,125015,49853,48705,84467,48874
2023-12-09 17:04:59.148007,-2048,0,0,893414,276443,64727,125015,49853,48705,84467,48874
2023-12-09 17:04:59.151499,-2048,0,0,893414,276443,64727,125015,49853,48705,84467,48874
2023-12-09 17:04:59.155459,-2048,0,0,893414,276443,64727,125015,49853,48705,84467,48874
2023-12-09 17:04:59.159478,-2048,0,0,893414,276443,64727,125015,49853,48705,84467,48874
2023-12-09 17:04:59.163468,-2048,0,0,893414,276443,64727,125015,49853,48705,84467,48874
2023-12-09 17:04:59.167524,-2048,0,0,893414,276443,64727,125015,49853,48705,84467,48874
2023-12-09 17:04:59.171078,-2048,0,0,893414,276443,64727,125015,49853,48705,84467,48874
2023-12-09 17:04:59.175137,-2048,0,0,893414,276443,64727,125015,49853,48705,84467,48874
2023-12-09 17:04:59.179190,-2048,0,0,893414,276443,64727,125015,49853,48705,84467,48874
2023-12-09 17:04:59.183246,-2048,0,0,893414,276443,64727,125015,49853,48705,84467,48874
2023-12-09 17:04:59.186776,-2048,0,0,893414,276443,64727,125015,49853,48705,84467,48874
2023-12-09 17:04:59.190828,-2048,0,0,893414,276443,64727,125015,49853,48705,84467,48874
2023-12-09 17:04:59.194848,-2048,0,0,893414,276443,64727,125015,49853,48705,84467,48874
2023-12-09 17:04:59.198440,-2048,0,0,893414,276443,64727,125015,49853,48705,84467,48874
2023-12-09 17:04:59.202505,-2048,0,0,893414,276443,64727,125015,49853,48705,84467,48874
2023-12-09 17:04:59.206585,-2048,0,0,893414,276443,64727,125015,49853,48705,84467,48874
2023-12-09 17:04:59.210159,-2048,0,0,893414,276443,64727,125015,49853,48705,84467,48874
2023-12-09 17:04:59.214248,-2048,0,0,893414,276443,64727,125015,49853,48705,84467,48874
2023-12-09 17:04:59.218339,-2048,0,0,893414,276443,64727,125015,49853,48705,84467,48874
2023-12-09 17:04:59.222045,-2048,0,0,893414,276443,64727,125015,49853,48705,84467,48874
2023-12-09 17:04:59.226095,-2048,0,0,893414,276443,64727,125015,49853,48705,84467,48874
2023-12-09 17:04:59.229680,-2048,0,0,893414,276443,64727,125015,49853,48705,84467,48874
2023-12-09 17:04:59.233765,-2048,0,0,893414,276443,64727,125015,49853,48705,84467,48874
2023-12-09 17:04:59.237831,-2048,0,0,893414,276443,64727,125015,49853,48705,84467,48874
2023-12-09 17:04:59.241394,-2048,0,0,893414,276443,64727,125015,49853,48705,84467,48874
2023-12-09 17:04:59.245488,-2048,0,0,893414,276443,64727,125015,49853,48705,84467,48874
2023-12-09 17:04:59.249573,-2048,0,0,893414,276443,64727,125015,49853,48705,84467,48874
2023-12-09 17:04:59.253165,-2048,0,0,893414,276443,64727,125015,49853,48705,84467,48874
2023-12-09 17:04:59.257211,-2048,0,0,893414,276443,64727,125015,49853,48705,84467,48874
2023-12-09 17:04:59.261255,-2048,0,0,893414,276443,64727,125015,49853,48705,84467,48874
2023-12-09 17:04:59.264829,-2048,0,0,893414,276443,64727,125015,49853,48705,84467,48874
2023-12-09 17:04:59.268879,-2048,0,0,893414,276443,64727,125015,49853,48705,84467,48874
2023-12-09 17:04:59.272927,-2048,0,0,893414,276443,64727,125015,49853,48705,84467,48874
2023-12-09 17:04:59.277019,-2048,0,0,893414,276443,64727,125015,49853,48705,84467,48874
2023-12-09 17:04:59.280611,-2048,0,0,893414,276443,64727,125015,49853,48705,84467,48874
2023-12-09 17:04:59.284698,-2048,0,0,893414,276443,64727,125015,49853,48705,84467,48874
2023-12-09 17:04:59.288227,-2048,0,0,893414,276443,64727,125015,49853,48705,84467,48874
2023-12-09 17:04:59.292301,-2048,0,0,893414,276443,64727,125015,49853,48705,84467,48874
2023-12-09 17:04:59.296392,-2048,0,0,893414,276443,64727,125015,49853,48705,84467,48874
2023-12-09 17:04:59.300457,-2048,0,0,893414,276443,64727,125015,49853,48705,84467,48874
2023-12-09 17:04:59.304030,-2048,0,0,893414,276443,64727,125015,49853,48705,84467,48874
2023-12-09 17:04:59.308123,-2048,0,0,893414,276443,64727,125015,49853,48705,84467,48874
2023-12-09 17:04:59.311715,-2048,0,0,893414,276443,64727,125015,49853,48705,84467,48874
2023-12-09 17:04:59.315806,-2048,0,0,893414,276443,64727,125015,49853,48705,84467,48874
2023-12-09 17:04:59.319852,-2048,0,0,893414,276443,64727,125015,49853,48705,84467,48874
2023-12-09 17:04:59.323432,-2048,0,0,893414,276443,64727,125015,49853,48705,84467,48874
2023-12-09 17:04:59.327524,-2048,0,0,893414,276443,64727,125015,49853,48705,84467,48874
2023-12-09 17:04:59.331617,-2048,0,0,893414,276443,64727,125015,49853,48705,84467,48874
2023-12-09 17:04:59.335179,-2048,0,0,893414,276443,64727,125015,49853,48705,84467,48874
2023-12-09 17:04:59.339266,-2048,0,0,893414,276443,64727,125015,49853,48705,84467,48874
2023-12-09 17:04:59.343358,-2048,0,0,893414,276443,64727,125015,49853,48705,84467,48874
2023-12-09 17:04:59.346950,-2048,0,0,893414,276443,64727,125015,49853,48705,84467,48874
2023-12-09 17:04:59.351012,-2048,0,0,893414,276443,64727,125015,49853,48705,84467,48874
2023-12-09 17:04:59.355096,-2048,0,0,893414,276443,64727,125015,49853,48705,84467,48874
2023-12-09 17:04:59.358661,-2048,0,0,893414,276443,64727,125015,49853,48705,84467,48874
2023-12-09 17:04:59.362752,-2048,0,0,893414,276443,64727,125015,49853,48705,84467,48874
2023-12-09 17:04:59.366820,-2048,0,0,893414,276443,64727,125015,49853,48705,84467,48874
2023-12-09 17:04:59.370412,-2048,0,0,893414,276443,64727,125015,49853,48705,84467,48874
2023-12-09 17:04:59.374505,-2048,0,0,893414,276443,64727,125015,49853,48705,84467,48874
2023-12-09 17:04:59.378590,-2048,0,0,893414,276443,64727,125015,49853,48705,84467,48874
2023-12-09 17:04:59.382187,-2048,0,0,893414,276443,64727,125015,49853,48705,84467,48874
2023-12-09 17:04:59.386280,-2048,0,0,893414,276443,64727,125015,49853,48705,84467,48874
2023-12-09 17:04:59.389830,-2048,0,0,893414,276443,64727,125015,49853,48705,84467,48874
2023-12-09 17:04:59.393922,-2048,0,0,893414,276443,64727,125015,49853,48705,84467,48874
2023-12-09 17:04:59.397947,-2048,0,0,893414,276443,64727,125015,49853,48705,84467,48874
2023-12-09 17:04:59.402032,-2048,0,0,893414,276443,64727,125015,49853,48705,84467,48874
2023-12-09 17:04:59.405619,-2048,0,0,893414,276443,64727,125015,49853,48705,84467,48874
2023-12-09 17:04:59.409703,-2048,0,0,893414,276443,64727,125015,49853,48705,84467,48874
2023-12-09 17:04:59.413270,-2048,0,0,893414,276443,64727,125015,49853,48705,84467,48874
2023-12-09 17:04:59.417363,-2048,0,0,893414,276443,64727,125015,49853,48705,84467,48874
2023-12-09 17:04:59.421383,-2048,0,0,893414,276443,64727,125015,49853,48705,84467,48874
2023-12-09 17:04:59.425437,-2048,0,0,893414,276443,64727,125015,49853,48705,84467,48874
2023-12-09 17:04:59.429083,-2048,0,0,893414,276443,64727,125015,49853,48705,84467,48874
2023-12-09 17:04:59.432750,-2048,0,0,893414,276443,64727,125015,49853,48705,84467,48874
2023-12-09 17:04:59.436699,-2048,0,0,893414,276443,64727,125015,49853,48705,84467,48874
2023-12-09 17:04:59.440792,-2048,0,0,893414,276443,64727,125015,49853,48705,84467,48874
2023-12-09 17:04:59.444817,-2048,0,0,893414,276443,64727,125015,49853,48705,84467,48874
2023-12-09 17:04:59.448878,-2048,0,0,893414,276443,64727,125015,49853,48705,84467,48874
2023-12-09 17:04:59.452468,-2048,0,0,893414,276443,64727,125015,49853,48705,84467,48874
2023-12-09 17:04:59.456553,-2048,0,0,893414,276443,64727,125015,49853,48705,84467,48874
2023-12-09 17:04:59.460592,-2048,0,0,893414,276443,64727,125015,49853,48705,84467,48874
2023-12-09 17:04:59.464182,-2048,0,0,893414,276443,64727,125015,49853,48705,84467,48874
2023-12-09 17:04:59.468290,-2048,0,0,893414,276443,64727,125015,49853,48705,84467,48874
2023-12-09 17:04:59.471891,-2048,0,0,893414,276443,64727,125015,49853,48705,84467,48874
2023-12-09 17:04:59.475913,-2048,0,0,893414,276443,64727,125015,49853,48705,84467,48874
2023-12-09 17:04:59.479988,-2048,0,0,893414,276443,64727,125015,49853,48705,84467,48874
2023-12-09 17:04:59.483690,-2048,0,0,893414,276443,64727,125015,49853,48705,84467,48874
2023-12-09 17:04:59.487803,-2048,0,0,893414,276443,64727,125015,49853,48705,84467,48874
2023-12-09 17:04:59.491856,-2048,0,0,893414,276443,64727,125015,49853,48705,84467,48874
2023-12-09 17:04:59.495473,-2048,0,0,893414,276443,64727,125015,49853,48705,84467,48874
2023-12-09 17:04:59.499459,-2048,0,0,893414,276443,64727,125015,49853,48705,84467,48874
2023-12-09 17:04:59.503445,-2048,0,0,893414,276443,64727,125015,49853,48705,84467,48874
2023-12-09 17:04:59.507035,-2048,0,0,893414,276443,64727,125015,49853,48705,84467,48874
2023-12-09 17:04:59.511127,-2048,0,0,893414,276443,64727,125015,49853,48705,84467,48874
2023-12-09 17:04:59.515219,-2048,0,0,893414,276443,64727,125015,49853,48705,84467,48874
2023-12-09 17:04:59.518812,-2048,0,0,893414,276443,64727,125015,49853,48705,84467,48874
2023-12-09 17:04:59.522890,-2048,0,0,893414,276443,64727,125015,49853,48705,84467,48874
2023-12-09 17:04:59.526982,-2048,0,0,893414,276443,64727,125015,49853,48705,84467,48874
2023-12-09 17:04:59.530571,-2048,0,0,893414,276443,64727,125015,49853,48705,84467,48874
2023-12-09 17:04:59.534662,-2048,0,0,893414,276443,64727,125015,49853,48705,84467,48874
2023-12-09 17:04:59.538732,-2048,0,0,893414,276443,64727,125015,49853,48705,84467,48874
2023-12-09 17:04:59.542324,-2048,0,0,893414,276443,64727,125015,49853,48705,84467,48874
2023-12-09 17:04:59.546417,-2048,0,0,893414,276443,64727,125015,49853,48705,84467,48874
2023-12-09 17:04:59.550010,-2048,0,0,893414,276443,64727,125015,49853,48705,84467,48874
2023-12-09 17:04:59.554029,-2048,0,0,893414,276443,64727,125015,49853,48705,84467,48874
2023-12-09 17:04:59.558108,-2048,0,0,893414,276443,64727,125015,49853,48705,84467,48874
2023-12-09 17:04:59.562196,-2048,0,0,893414,276443,64727,125015,49853,48705,84467,48874
2023-12-09 17:04:59.565788,-2048,0,0,893414,276443,64727,125015,49853,48705,84467,48874
2023-12-09 17:04:59.569885,-2048,0,0,893414,276443,64727,125015,49853,48705,84467,48874
2023-12-09 17:04:59.573471,-2048,0,0,893414,276443,64727,125015,49853,48705,84467,48874
2023-12-09 17:04:59.577535,-2048,0,0,893414,276443,64727,125015,49853,48705,84467,48874
2023-12-09 17:04:59.581626,-2048,0,0,893414,276443,64727,125015,49853,48705,84467,48874
2023-12-09 17:04:59.585177,-2048,0,0,893414,276443,64727,125015,49853,48705,84467,48874
2023-12-09 17:04:59.589239,-2048,0,0,893414,276443,64727,125015,49853,48705,84467,48874
2023-12-09 17:04:59.593331,-2048,0,0,893414,276443,64727,125015,49853,48705,84467,48874
2023-12-09 17:04:59.596861,-2048,0,0,893414,276443,64727,125015,49853,48705,84467,48874
2023-12-09 17:04:59.600949,-2048,0,0,893414,276443,64727,125015,49853,48705,84467,48874
2023-12-09 17:04:59.605030,-2048,0,0,893414,276443,64727,125015,49853,48705,84467,48874
2023-12-09 17:04:59.608619,-2048,0,0,893414,276443,64727,125015,49853,48705,84467,48874
2023-12-09 17:04:59.612711,-2048,0,0,893414,276443,64727,125015,49853,48705,84467,48874
2023-12-09 17:04:59.616766,-2048,0,0,893414,276443,64727,125015,49853,48705,84467,48874
2023-12-09 17:04:59.620353,-2048,0,0,893414,276443,64727,125015,49853,48705,84467,48874
2023-12-09 17:04:59.624439,-2048,0,0,893414,276443,64727,125015,49853,48705,84467,48874
2023-12-09 17:04:59.628502,-2048,0,0,893414,276443,64727,125015,49853,48705,84467,48874
2023-12-09 17:04:59.632031,-2048,0,0,893414,276443,64727,125015,49853,48705,84467,48874
2023-12-09 17:04:59.636118,-2048,0,0,893414,276443,64727,125015,49853,48705,84467,48874
2023-12-09 17:04:59.640212,-2048,0,0,893414,276443,64727,125015,49853,48705,84467,48874
2023-12-09 17:04:59.643804,-2048,0,0,893414,276443,64727,125015,49853,48705,84467,48874
2023-12-09 17:04:59.647861,-2048,0,0,893414,276443,64727,125015,49853,48705,84467,48874
2023-12-09 17:04:59.651955,-2048,0,0,893414,276443,64727,125015,49853,48705,84467,48874
2023-12-09 17:04:59.655474,-2048,0,0,893414,276443,64727,125015,49853,48705,84467,48874
2023-12-09 17:04:59.659335,-2048,0,0,893414,276443,64727,125015,49853,48705,84467,48874
2023-12-09 17:04:59.663393,-2048,0,0,893414,276443,64727,125015,49853,48705,84467,48874
2023-12-09 17:04:59.667349,-2048,0,0,893414,276443,64727,125015,49853,48705,84467,48874
2023-12-09 17:04:59.671373,-2048,0,0,893414,276443,64727,125015,49853,48705,84467,48874
2023-12-09 17:04:59.675447,-2048,0,0,893414,276443,64727,125015,49853,48705,84467,48874
2023-12-09 17:04:59.678984,-2048,0,0,893414,276443,64727,125015,49853,48705,84467,48874
2023-12-09 17:04:59.683075,-2048,0,0,893414,276443,64727,125015,49853,48705,84467,48874
2023-12-09 17:04:59.687166,-2048,0,0,893414,276443,64727,125015,49853,48705,84467,48874
2023-12-09 17:04:59.690741,-2048,0,0,893414,276443,64727,125015,49853,48705,84467,48874
2023-12-09 17:04:59.694790,-2048,0,0,893414,276443,64727,125015,49853,48705,84467,48874
2023-12-09 17:04:59.698873,-2048,0,0,893414,276443,64727,125015,49853,48705,84467,48874
2023-12-09 17:04:59.702461,-2048,0,0,893414,276443,64727,125015,49853,48705,84467,48874
2023-12-09 17:04:59.706550,-2048,0,0,893414,276443,64727,125015,49853,48705,84467,48874
2023-12-09 17:04:59.710669,-2048,0,0,893414,276443,64727,125015,49853,48705,84467,48874
2023-12-09 17:04:59.714261,-2048,0,0,893414,276443,64727,125015,49853,48705,84467,48874
2023-12-09 17:04:59.718327,-2048,0,0,893414,276443,64727,125015,49853,48705,84467,48874
2023-12-09 17:04:59.721895,-2048,0,0,893414,276443,64727,125015,49853,48705,84467,48874
2023-12-09 17:04:59.725946,-2048,0,0,893414,276443,64727,125015,49853,48705,84467,48874
2023-12-09 17:04:59.730019,-2048,0,0,893414,276443,64727,125015,49853,48705,84467,48874
2023-12-09 17:04:59.733612,-2048,0,0,893414,276443,64727,125015,49853,48705,84467,48874
2023-12-09 17:04:59.737704,-2048,0,0,893414,276443,64727,125015,49853,48705,84467,48874
2023-12-09 17:04:59.741726,-2048,0,0,893414,276443,64727,125015,49853,48705,84467,48874
2023-12-09 17:04:59.745317,-2048,0,0,893414,276443,64727,125015,49853,48705,84467,48874
2023-12-09 17:04:59.749360,-2048,0,0,893414,276443,64727,125015,49853,48705,84467,48874
2023-12-09 17:04:59.753453,-2048,0,0,893414,276443,64727,125015,49853,48705,84467,48874
2023-12-09 17:04:59.757017,-2048,0,0,893414,276443,64727,125015,49853,48705,84467,48874
2023-12-09 17:04:59.761109,-2048,0,0,893414,276443,64727,125015,49853,48705,84467,48874
2023-12-09 17:04:59.765197,-2048,0,0,893414,276443,64727,125015,49853,48705,84467,48874
2023-12-09 17:04:59.768785,-2048,0,0,893414,276443,64727,125015,49853,48705,84467,48874
2023-12-09 17:04:59.772831,-2048,0,0,893414,276443,64727,125015,49853,48705,84467,48874
2023-12-09 17:04:59.776923,-2048,0,0,893414,276443,64727,125015,49853,48705,84467,48874
2023-12-09 17:04:59.780487,-2048,0,0,893414,276443,64727,125015,49853,48705,84467,48874
2023-12-09 17:04:59.784578,-2048,0,0,893414,276443,64727,125015,49853,48705,84467,48874
2023-12-09 17:04:59.788628,-2048,0,0,893414,276443,64727,125015,49853,48705,84467,48874
2023-12-09 17:04:59.792218,-2048,0,0,893414,276443,64727,125015,49853,48705,84467,48874
2023-12-09 17:04:59.796308,-2048,0,0,893414,276443,64727,125015,49853,48705,84467,48874
2023-12-09 17:04:59.800400,-2048,0,0,893414,276443,64727,125015,49853,48705,84467,48874
2023-12-09 17:04:59.803976,-2048,0,0,893414,276443,64727,125015,49853,48705,84467,48874
2023-12-09 17:04:59.808043,-2048,0,0,893414,276443,64727,125015,49853,48705,84467,48874
2023-12-09 17:04:59.812145,-2048,0,0,893414,276443,64727,125015,49853,48705,84467,48874
2023-12-09 17:04:59.815735,-2048,0,0,893414,276443,64727,125015,49853,48705,84467,48874
2023-12-09 17:04:59.819794,-2048,0,0,893414,276443,64727,125015,49853,48705,84467,48874
2023-12-09 17:04:59.823806,-2048,0,0,893414,276443,64727,125015,49853,48705,84467,48874
2023-12-09 17:04:59.827430,-2048,0,0,893414,276443,64727,125015,49853,48705,84467,48874
2023-12-09 17:04:59.831521,-2048,0,0,893414,276443,64727,125015,49853,48705,84467,48874
2023-12-09 17:04:59.835580,-2048,0,0,893414,276443,64727,125015,49853,48705,84467,48874
2023-12-09 17:04:59.839148,-2048,0,0,893414,276443,64727,125015,49853,48705,84467,48874
2023-12-09 17:04:59.843240,-2048,0,0,893414,276443,64727,125015,49853,48705,84467,48874
2023-12-09 17:04:59.847331,-2048,0,0,893414,276443,64727,125015,49853,48705,84467,48874
2023-12-09 17:04:59.850883,-2048,0,0,893414,276443,64727,125015,49853,48705,84467,48874
2023-12-09 17:04:59.854935,-2048,0,0,893414,276443,64727,125015,49853,48705,84467,48874
2023-12-09 17:04:59.859014,-2048,0,0,893414,276443,64727,125015,49853,48705,84467,48874
2023-12-09 17:04:59.862556,-2048,0,0,893414,276443,64727,125015,49853,48705,84467,48874
2023-12-09 17:04:59.866529,-2048,0,0,893414,276443,64727,125015,49853,48705,84467,48874
2023-12-09 17:04:59.870597,-2048,0,0,893414,276443,64727,125015,49853,48705,84467,48874
2023-12-09 17:04:59.874684,-2048,0,0,893414,276443,64727,125015,49853,48705,84467,48874
2023-12-09 17:04:59.878265,-2048,0,0,893414,276443,64727,125015,49853,48705,84467,48874
2023-12-09 17:04:59.882354,-2048,0,0,893414,276443,64727,125015,49853,48705,84467,48874
2023-12-09 17:04:59.885946,-2048,0,0,893414,276443,64727,125015,49853,48705,84467,48874
2023-12-09 17:04:59.890033,-2048,0,0,893414,276443,64727,125015,49853,48705,84467,48874
2023-12-09 17:04:59.894125,-2048,0,0,893414,276443,64727,125015,49853,48705,84467,48874
2023-12-09 17:04:59.897670,-2048,0,0,893414,276443,64727,125015,49853,48705,84467,48874
2023-12-09 17:04:59.901640,-2048,0,0,893414,276443,64727,125015,49853,48705,84467,48874
2023-12-09 17:04:59.963079,-2048,0,0,893414,276443,64727,125015,49853,48705,84467,48874
2023-12-09 17:05:00.005796,-2048,0,0,893414,276443,64727,125015,49853,48705,84467,48874
2023-12-09 17:05:00.055262,-2048,0,0,893414,276443,64727,125015,49853,48705,84467,48874
2023-12-09 17:05:00.084725,-2048,0,0,893414,276443,64727,125015,49853,48705,84467,48874
2023-12-09 17:05:00.096451,-2048,0,0,893414,276443,64727,125015,49853,48705,84467,48874
2023-12-09 17:05:00.104215,-2048,0,0,893414,276443,64727,125015,49853,48705,84467,48874
2023-12-09 17:05:00.109484,-2048,0,0,893414,276443,64727,125015,49853,48705,84467,48874
2023-12-09 17:05:00.113446,-2048,0,0,893414,276443,64727,125015,49853,48705,84467,48874
2023-12-09 17:05:00.116493,-2048,0,0,893414,276443,64727,125015,49853,48705,84467,48874
2023-12-09 17:05:00.120586,-2048,0,0,893414,276443,64727,125015,49853,48705,84467,48874
2023-12-09 17:05:00.124559,-2048,0,0,893414,276443,64727,125015,49853,48705,84467,48874
2023-12-09 17:05:00.128475,-2048,0,0,893414,276443,64727,125015,49853,48705,84467,48874
2023-12-09 17:05:00.131996,-2048,0,0,893414,276443,64727,125015,49853,48705,84467,48874
2023-12-09 17:05:00.136090,-2048,0,0,893414,276443,64727,125015,49853,48705,84467,48874
2023-12-09 17:05:00.140185,-2048,0,0,893414,276443,64727,125015,49853,48705,84467,48874
2023-12-09 17:05:00.143773,-2048,0,0,893414,276443,64727,125015,49853,48705,84467,48874
2023-12-09 17:05:00.147863,-2048,0,0,893414,276443,64727,125015,49853,48705,84467,48874
2023-12-09 17:05:00.151956,-2048,0,0,893414,276443,64727,125015,49853,48705,84467,48874
2023-12-09 17:05:00.155547,-2048,0,0,893414,276443,64727,125015,49853,48705,84467,48874
2023-12-09 17:05:00.159637,-2048,0,0,893414,276443,64727,125015,49853,48705,84467,48874
2023-12-09 17:05:00.163710,-2048,0,0,893414,276443,64727,125015,49853,48705,84467,48874
2023-12-09 17:05:00.167305,-2048,0,0,893414,276443,64727,125015,49853,48705,84467,48874
2023-12-09 17:05:00.171397,-2048,0,0,893414,276443,64727,125015,49853,48705,84467,48874
2023-12-09 17:05:00.175562,-2048,0,0,893414,276443,64727,125015,49853,48705,84467,48874
2023-12-09 17:05:00.179156,-2048,0,0,893414,276443,64727,125015,49853,48705,84467,48874
2023-12-09 17:05:00.183250,-2048,0,0,893414,276443,64727,125015,49853,48705,84467,48874
2023-12-09 17:05:00.186843,-2048,0,0,893414,276443,64727,125015,49853,48705,84467,48874
2023-12-09 17:05:00.190868,-2048,0,0,893414,276443,64727,125015,49853,48705,84467,48874
2023-12-09 17:05:00.194794,-2048,0,0,893414,276443,64727,125015,49853,48705,84467,48874
2023-12-09 17:05:00.198663,-2048,0,0,893414,276443,64727,125015,49853,48705,84467,48874
2023-12-09 17:05:00.202564,-2048,0,0,893414,276443,64727,125015,49853,48705,84467,48874
2023-12-09 17:05:00.206546,-2048,0,0,893414,276443,64727,125015,49853,48705,84467,48874
2023-12-09 17:05:00.210452,-2048,0,0,893414,276443,64727,125015,49853,48705,84467,48874
2023-12-09 17:05:00.214314,-2048,0,0,893414,276443,64727,125015,49853,48705,84467,48874
2023-12-09 17:05:00.218306,-2048,0,0,893414,276443,64727,125015,49853,48705,84467,48874
2023-12-09 17:05:00.221852,-2048,0,0,893414,276443,64727,125015,49853,48705,84467,48874
2023-12-09 17:05:00.225784,-2048,0,0,893414,276443,64727,125015,49853,48705,84467,48874
2023-12-09 17:05:00.229682,-2048,0,0,893414,276443,64727,125015,49853,48705,84467,48874
2023-12-09 17:05:00.233574,-2048,0,0,893414,276443,64727,125015,49853,48705,84467,48874
2023-12-09 17:05:00.237651,-2048,0,0,893414,276443,64727,125015,49853,48705,84467,48874
2023-12-09 17:05:00.241602,-2048,0,0,893414,276443,64727,125015,49853,48705,84467,48874
2023-12-09 17:05:00.249003,-2048,0,0,893414,276443,64727,125015,49853,48705,84467,48874
2023-12-09 17:05:00.256142,-2048,0,0,893414,276443,64727,125015,49853,48705,84467,48874
2023-12-09 17:05:00.259772,-2048,0,0,893414,276443,64727,125015,49853,48705,84467,48874
2023-12-09 17:05:00.262674,-2048,0,0,893414,276443,64727,125015,49853,48705,84467,48874
2023-12-09 17:05:00.266364,-2048,0,0,893414,276443,64727,125015,49853,48705,84467,48874
2023-12-09 17:05:00.268985,-2048,0,0,893414,276443,64727,125015,49853,48705,84467,48874
2023-12-09 17:05:00.272919,-2048,0,0,893414,276443,64727,125015,49853,48705,84467,48874
2023-12-09 17:05:00.276847,-2048,0,0,893414,276443,64727,125015,49853,48705,84467,48874
2023-12-09 17:05:00.280934,-2048,0,0,893414,276443,64727,125015,49853,48705,84467,48874
2023-12-09 17:05:00.284486,-2048,0,0,893414,276443,64727,125015,49853,48705,84467,48874
2023-12-09 17:05:00.288581,-2048,0,0,893414,276443,64727,125015,49853,48705,84467,48874
2023-12-09 17:05:00.292672,-2048,0,0,893414,276443,64727,125015,49853,48705,84467,48874
2023-12-09 17:05:00.296258,-2048,0,0,893414,276443,64727,125015,49853,48705,84467,48874
2023-12-09 17:05:00.300619,-2048,0,0,893414,276443,64727,125015,49853,48705,84467,48874
2023-12-09 17:05:00.304166,-2048,0,0,893414,276443,64727,125015,49853,48705,84467,48874
2023-12-09 17:05:00.308236,-2048,0,0,893414,276443,64727,125015,49853,48705,84467,48874
2023-12-09 17:05:00.311824,-2048,0,0,893414,276443,64727,125015,49853,48705,84467,48874
2023-12-09 17:05:00.315847,-2048,0,0,893414,276443,64727,125015,49853,48705,84467,48874
2023-12-09 17:05:00.319932,-2048,0,0,893414,276443,64727,125015,49853,48705,84467,48874
2023-12-09 17:05:00.323526,-2048,0,0,893414,276443,64727,125015,49853,48705,84467,48874
2023-12-09 17:05:00.327573,-2048,0,0,893414,276443,64727,125015,49853,48705,84467,48874
2023-12-09 17:05:00.331649,-2048,0,0,893414,276443,64727,125015,49853,48705,84467,48874
2023-12-09 17:05:00.335242,-2048,0,0,893414,276443,64727,125015,49853,48705,84467,48874
2023-12-09 17:05:00.339335,-2048,0,0,893414,276443,64727,125015,49853,48705,84467,48874
2023-12-09 17:05:00.343433,-2048,0,0,893414,276443,64727,125015,49853,48705,84467,48874
2023-12-09 17:05:00.346957,-2048,0,0,893414,276443,64727,125015,49853,48705,84467,48874
2023-12-09 17:05:00.351051,-2048,0,0,893414,276443,64727,125015,49853,48705,84467,48874
2023-12-09 17:05:00.355137,-2048,0,0,893414,276443,64727,125015,49853,48705,84467,48874
2023-12-09 17:05:00.358735,-2048,0,0,893414,276443,64727,125015,49853,48705,84467,48874
2023-12-09 17:05:00.362805,-2048,0,0,893414,276443,64727,125015,49853,48705,84467,48874
2023-12-09 17:05:00.366898,-2048,0,0,893414,276443,64727,125015,49853,48705,84467,48874
2023-12-09 17:05:00.370492,-2048,0,0,893414,276443,64727,125015,49853,48705,84467,48874
2023-12-09 17:05:00.374583,-2048,0,0,893414,276443,64727,125015,49853,48705,84467,48874
2023-12-09 17:05:00.378158,-2048,0,0,893414,276443,64727,125015,49853,48705,84467,48874
2023-12-09 17:05:00.382248,-2048,0,0,893414,276443,64727,125015,49853,48705,84467,48874
2023-12-09 17:05:00.386340,-2048,0,0,893414,276443,64727,125015,49853,48705,84467,48874
2023-12-09 17:05:00.389932,-2048,0,0,893414,276443,64727,125015,49853,48705,84467,48874
2023-12-09 17:05:00.393984,-2048,0,0,893414,276443,64727,125015,49853,48705,84467,48874
2023-12-09 17:05:00.398078,-2048,0,0,893414,276443,64727,125015,49853,48705,84467,48874
2023-12-09 17:05:00.401670,-2048,0,0,893414,276443,64727,125015,49853,48705,84467,48874
2023-12-09 17:05:00.405765,-2048,0,0,893414,276443,64727,125015,49853,48705,84467,48874
2023-12-09 17:05:00.409822,-2048,0,0,893414,276443,64727,125015,49853,48705,84467,48874
2023-12-09 17:05:00.413417,-2048,0,0,893414,276443,64727,125015,49853,48705,84467,48874
2023-12-09 17:05:00.417509,-2048,0,0,893414,276443,64727,125015,49853,48705,84467,48874
2023-12-09 17:05:00.421103,-2048,0,0,893414,276443,64727,125015,49853,48705,84467,48874
2023-12-09 17:05:00.425321,-2048,0,0,893414,276443,64727,125015,49853,48705,84467,48874
2023-12-09 17:05:00.428903,-2048,0,0,893414,276443,64727,125015,49853,48705,84467,48874
2023-12-09 17:05:00.432996,-2048,0,0,893414,276443,64727,125015,49853,48705,84467,48874
2023-12-09 17:05:00.437089,-2048,0,0,893414,276443,64727,125015,49853,48705,84467,48874
2023-12-09 17:05:00.440636,-2048,0,0,893414,276443,64727,125015,49853,48705,84467,48874
2023-12-09 17:05:00.444493,-2048,0,0,893414,276443,64727,125015,49853,48705,84467,48874
2023-12-09 17:05:00.448519,-2048,0,0,893414,276443,64727,125015,49853,48705,84467,48874
2023-12-09 17:05:00.452613,-2048,0,0,893414,276443,64727,125015,49853,48705,84467,48874
2023-12-09 17:05:00.456636,-2048,0,0,893414,276443,64727,125015,49853,48705,84467,48874
2023-12-09 17:05:00.460221,-2048,0,0,893414,276443,64727,125015,49853,48705,84467,48874
2023-12-09 17:05:00.464313,-2048,0,0,893414,276443,64727,125015,49853,48705,84467,48874
2023-12-09 17:05:00.468407,-2048,0,0,893414,276443,64727,125015,49853,48705,84467,48874
2023-12-09 17:05:00.471972,-2048,0,0,893414,276443,64727,125015,49853,48705,84467,48874
2023-12-09 17:05:00.476056,-2048,0,0,893414,276443,64727,125015,49853,48705,84467,48874
2023-12-09 17:05:00.480137,-2048,0,0,893414,276443,64727,125015,49853,48705,84467,48874
2023-12-09 17:05:00.483728,-2048,0,0,893414,276443,64727,125015,49853,48705,84467,48874
2023-12-09 17:05:00.487829,-2048,0,0,893414,276443,64727,125015,49853,48705,84467,48874
2023-12-09 17:05:00.491420,-2048,0,0,893414,276443,64727,125015,49853,48705,84467,48874
2023-12-09 17:05:00.495508,-2048,0,0,893414,276443,64727,125015,49853,48705,84467,48874
2023-12-09 17:05:00.499605,-2048,0,0,893414,276443,64727,125015,49853,48705,84467,48874
2023-12-09 17:05:00.503162,-2048,0,0,893414,276443,64727,125015,49853,48705,84467,48874
2023-12-09 17:05:00.507249,-2048,0,0,893414,276443,64727,125015,49853,48705,84467,48874
2023-12-09 17:05:00.511336,-2048,0,0,893414,276443,64727,125015,49853,48705,84467,48874
2023-12-09 17:05:00.514926,-2048,0,0,893414,276443,64727,125015,49853,48705,84467,48874
2023-12-09 17:05:00.518974,-2048,0,0,893414,276443,64727,125015,49853,48705,84467,48874
2023-12-09 17:05:00.523062,-2048,0,0,893414,276443,64727,125015,49853,48705,84467,48874
2023-12-09 17:05:00.526654,-2048,0,0,893414,276443,64727,125015,49853,48705,84467,48874
2023-12-09 17:05:00.530730,-2048,0,0,893414,276443,64727,125015,49853,48705,84467,48874
2023-12-09 17:05:00.534807,-2048,0,0,893414,276443,64727,125015,49853,48705,84467,48874
2023-12-09 17:05:00.538394,-2048,0,0,893414,276443,64727,125015,49853,48705,84467,48874
2023-12-09 17:05:00.542486,-2048,0,0,893414,276443,64727,125015,49853,48705,84467,48874
2023-12-09 17:05:00.546575,-2048,0,0,893414,276443,64727,125015,49853,48705,84467,48874
2023-12-09 17:05:00.550146,-2048,0,0,893414,276443,64727,125015,49853,48705,84467,48874
2023-12-09 17:05:00.554238,-2048,0,0,893414,276443,64727,125015,49853,48705,84467,48874
2023-12-09 17:05:00.557830,-2048,0,0,893414,276443,64727,125015,49853,48705,84467,48874
2023-12-09 17:05:00.561922,-2048,0,0,893414,276443,64727,125015,49853,48705,84467,48874
2023-12-09 17:05:00.565976,-2048,0,0,893414,276443,64727,125015,49853,48705,84467,48874
2023-12-09 17:05:00.569571,-2048,0,0,893414,276443,64727,125015,49853,48705,84467,48874
2023-12-09 17:05:00.573665,-2048,0,0,893414,276443,64727,125015,49853,48705,84467,48874
2023-12-09 17:05:00.577758,-2048,0,0,893414,276443,64727,125015,49853,48705,84467,48874
2023-12-09 17:05:00.581302,-2048,0,0,893414,276443,64727,125015,49853,48705,84467,48874
2023-12-09 17:05:00.585395,-2048,0,0,893414,276443,64727,125015,49853,48705,84467,48874
2023-12-09 17:05:00.589485,-2048,0,0,893414,276443,64727,125015,49853,48705,84467,48874
2023-12-09 17:05:00.593079,-2048,0,0,893414,276443,64727,125015,49853,48705,84467,48874
2023-12-09 17:05:00.597104,-2048,0,0,893414,276443,64727,125015,49853,48705,84467,48874
2023-12-09 17:05:00.601197,-2048,0,0,893414,276443,64727,125015,49853,48705,84467,48874
2023-12-09 17:05:00.604791,-2048,0,0,893414,276443,64727,125015,49853,48705,84467,48874
2023-12-09 17:05:00.608884,-2048,0,0,893414,276443,64727,125015,49853,48705,84467,48874
2023-12-09 17:05:00.612935,-2048,0,0,893414,276443,64727,125015,49853,48705,84467,48874
2023-12-09 17:05:00.616505,-2048,0,0,893414,276443,64727,125015,49853,48705,84467,48874
2023-12-09 17:05:00.620599,-2048,0,0,893414,276443,64727,125015,49853,48705,84467,48874
2023-12-09 17:05:00.624695,-2048,0,0,893414,276443,64727,125015,49853,48705,84467,48874
2023-12-09 17:05:00.628238,-2048,0,0,893414,276443,64727,125015,49853,48705,84467,48874
2023-12-09 17:05:00.632326,-2048,0,0,893414,276443,64727,125015,49853,48705,84467,48874
2023-12-09 17:05:00.636419,-2048,0,0,893414,276443,64727,125015,49853,48705,84467,48874
2023-12-09 17:05:00.640011,-2048,0,0,893414,276443,64727,125015,49853,48705,84467,48874
2023-12-09 17:05:00.644061,-2048,0,0,893414,276443,64727,125015,49853,48705,84467,48874
2023-12-09 17:05:00.647654,-2048,0,0,893414,276443,64727,125015,49853,48705,84467,48874
2023-12-09 17:05:00.651749,-2048,0,0,893414,276443,64727,125015,49853,48705,84467,48874
2023-12-09 17:05:00.655843,-2048,0,0,893414,276443,64727,125015,49853,48705,84467,48874
2023-12-09 17:05:00.659443,-2048,0,0,893414,276443,64727,125015,49853,48705,84467,48874
2023-12-09 17:05:00.663516,-2048,0,0,893414,276443,64727,125015,49853,48705,84467,48874
2023-12-09 17:05:00.667598,-2048,0,0,893414,276443,64727,125015,49853,48705,84467,48874
2023-12-09 17:05:00.671172,-2048,0,0,893414,276443,64727,125015,49853,48705,84467,48874
2023-12-09 17:05:00.675291,-2048,0,0,893414,276443,64727,125015,49853,48705,84467,48874
2023-12-09 17:05:00.679374,-2048,0,0,893414,276443,64727,125015,49853,48705,84467,48874
2023-12-09 17:05:00.682965,-2048,0,0,893414,276443,64727,125015,49853,48705,84467,48874
