2023-11-28 12:40:57.074050,2047,0,0,335151,364422,49663,102555,34099,222462,135706,130238
2023-11-28 12:40:57.075489,2047,0,0,335151,364422,49663,102555,34099,222462,135706,130238
2023-11-28 12:40:57.078492,2047,0,0,335151,364422,49663,102555,34099,222462,135706,130238
2023-11-28 12:40:57.083487,2047,0,0,335151,364422,49663,102555,34099,222462,135706,130238
2023-11-28 12:40:57.089485,2047,0,0,335151,364422,49663,102555,34099,222462,135706,130238
2023-11-28 12:40:57.090851,2047,0,0,335151,364422,49663,102555,34099,222462,135706,130238
2023-11-28 12:40:57.094857,2047,0,0,335151,364422,49663,102555,34099,222462,135706,130238
2023-11-28 12:40:57.097851,2047,0,0,335151,364422,49663,102555,34099,222462,135706,130238
2023-11-28 12:40:57.101849,2047,0,0,335151,364422,49663,102555,34099,222462,135706,130238
2023-11-28 12:40:57.106848,2047,0,0,335151,364422,49663,102555,34099,222462,135706,130238
2023-11-28 12:40:57.110845,2047,0,0,335151,364422,49663,102555,34099,222462,135706,130238
2023-11-28 12:40:57.113842,2047,0,0,335151,364422,49663,102555,34099,222462,135706,130238
2023-11-28 12:40:57.117840,2047,0,0,335151,364422,49663,102555,34099,222462,135706,130238
2023-11-28 12:40:57.121839,2047,0,0,335151,364422,49663,102555,34099,222462,135706,130238
2023-11-28 12:40:57.125764,2047,0,0,335151,364422,49663,102555,34099,222462,135706,130238
2023-11-28 12:40:57.129765,-2048,0,0,335151,364422,49663,102555,34099,222462,135706,130238
2023-11-28 12:40:57.133765,-2048,0,0,335151,364422,49663,102555,34099,222462,135706,130238
2023-11-28 12:40:57.138761,-2048,0,0,335151,364422,49663,102555,34099,222462,135706,130238
2023-11-28 12:40:57.145757,-2048,0,0,335151,364422,49663,102555,34099,222462,135706,130238
2023-11-28 12:40:57.148757,-2048,0,0,335151,364422,49663,102555,34099,222462,135706,130238
2023-11-28 12:40:57.158756,-2048,0,0,335151,364422,49663,102555,34099,222462,135706,130238
2023-11-28 12:40:57.161748,-2048,0,0,335151,364422,49663,102555,34099,222462,135706,130238
2023-11-28 12:40:57.164746,-2048,0,0,335151,364422,49663,102555,34099,222462,135706,130238
2023-11-28 12:40:57.168744,-2048,0,0,335151,364422,49663,102555,34099,222462,135706,130238
2023-11-28 12:40:57.172844,-2048,0,0,335151,364422,49663,102555,34099,222462,135706,130238
2023-11-28 12:40:57.176849,-2048,0,0,335151,364422,49663,102555,34099,222462,135706,130238
2023-11-28 12:40:57.180865,-2048,0,0,335151,364422,49663,102555,34099,222462,135706,130238
2023-11-28 12:40:57.184843,-2048,0,0,335151,364422,49663,102555,34099,222462,135706,130238
2023-11-28 12:40:57.188737,-2048,0,0,335151,364422,49663,102555,34099,222462,135706,130238
2023-11-28 12:40:57.192733,-2048,0,0,335151,364422,49663,102555,34099,222462,135706,130238
2023-11-28 12:40:57.195733,2047,0,0,335151,364422,49663,102555,34099,222462,135706,130238
2023-11-28 12:40:57.200728,2047,0,0,335151,364422,49663,102555,34099,222462,135706,130238
2023-11-28 12:40:57.203731,2047,0,0,335151,364422,49663,102555,34099,222462,135706,130238
2023-11-28 12:40:57.207727,2047,0,0,335151,364422,49663,102555,34099,222462,135706,130238
2023-11-28 12:40:57.211722,2047,0,0,335151,364422,49663,102555,34099,222462,135706,130238
2023-11-28 12:40:57.215720,2047,0,0,335151,364422,49663,102555,34099,222462,135706,130238
2023-11-28 12:40:57.220049,2047,0,0,335151,364422,49663,102555,34099,222462,135706,130238
2023-11-28 12:40:57.227043,2047,0,0,1324,51370,2661,1542,5688,26682,11326,4396
2023-11-28 12:40:57.231040,2047,0,0,1324,51370,2661,1542,5688,26682,11326,4396
2023-11-28 12:40:57.235039,2047,0,0,1324,51370,2661,1542,5688,26682,11326,4396
2023-11-28 12:40:57.239724,2047,0,0,1324,51370,2661,1542,5688,26682,11326,4396
2023-11-28 12:40:57.243720,2047,0,0,1324,51370,2661,1542,5688,26682,11326,4396
2023-11-28 12:40:57.246720,2047,0,0,1324,51370,2661,1542,5688,26682,11326,4396
2023-11-28 12:40:57.250718,2047,0,0,1324,51370,2661,1542,5688,26682,11326,4396
2023-11-28 12:40:57.256715,2047,0,0,1324,51370,2661,1542,5688,26682,11326,4396
2023-11-28 12:40:57.258713,261,0,0,1324,51370,2661,1542,5688,26682,11326,4396
2023-11-28 12:40:57.262718,2047,0,0,1324,51370,2661,1542,5688,26682,11326,4396
2023-11-28 12:40:57.266718,2047,0,0,1324,51370,2661,1542,5688,26682,11326,4396
2023-11-28 12:40:57.270723,2047,0,0,1324,51370,2661,1542,5688,26682,11326,4396
2023-11-28 12:40:57.274729,2047,0,0,1324,51370,2661,1542,5688,26682,11326,4396
2023-11-28 12:40:57.278709,2047,0,0,1324,51370,2661,1542,5688,26682,11326,4396
2023-11-28 12:40:57.281708,2047,0,0,1324,51370,2661,1542,5688,26682,11326,4396
2023-11-28 12:40:57.287710,2047,0,0,1324,51370,2661,1542,5688,26682,11326,4396
2023-11-28 12:40:57.290705,2047,0,0,1324,51370,2661,1542,5688,26682,11326,4396
2023-11-28 12:40:57.294700,-2048,0,0,1324,51370,2661,1542,5688,26682,11326,4396
2023-11-28 12:40:57.297699,-2048,0,0,1324,51370,2661,1542,5688,26682,11326,4396
2023-11-28 12:40:57.301698,-2048,0,0,1324,51370,2661,1542,5688,26682,11326,4396
2023-11-28 12:40:57.305695,-2048,0,0,1324,51370,2661,1542,5688,26682,11326,4396
2023-11-28 12:40:57.309694,-2048,0,0,1324,51370,2661,1542,5688,26682,11326,4396
2023-11-28 12:40:57.313691,-2048,0,0,1324,51370,2661,1542,5688,26682,11326,4396
2023-11-28 12:40:57.317688,-2048,0,0,1324,51370,2661,1542,5688,26682,11326,4396
2023-11-28 12:40:57.321686,-2048,0,0,1324,51370,2661,1542,5688,26682,11326,4396
2023-11-28 12:40:57.325683,-2048,0,0,1324,51370,2661,1542,5688,26682,11326,4396
2023-11-28 12:40:57.330681,-2048,0,0,1324,51370,2661,1542,5688,26682,11326,4396
2023-11-28 12:40:57.333678,-1491,0,0,1324,51370,2661,1542,5688,26682,11326,4396
2023-11-28 12:40:57.341751,-1491,0,0,1324,51370,2661,1542,5688,26682,11326,4396
2023-11-28 12:40:57.347749,-1491,0,0,1324,51370,2661,1542,5688,26682,11326,4396
2023-11-28 12:40:57.360377,-1491,0,0,1324,51370,2661,1542,5688,26682,11326,4396
2023-11-28 12:40:57.364373,-2048,0,0,1324,51370,2661,1542,5688,26682,11326,4396
2023-11-28 12:40:57.368372,2047,0,0,1324,51370,2661,1542,5688,26682,11326,4396
2023-11-28 12:40:57.376079,2047,0,0,1324,51370,2661,1542,5688,26682,11326,4396
2023-11-28 12:40:57.380069,2047,0,0,1324,51370,2661,1542,5688,26682,11326,4396
2023-11-28 12:40:57.384068,2047,0,0,1324,51370,2661,1542,5688,26682,11326,4396
2023-11-28 12:40:57.393064,-167,0,0,1324,51370,2661,1542,5688,26682,11326,4396
2023-11-28 12:40:57.395113,2047,0,0,1324,51370,2661,1542,5688,26682,11326,4396
2023-11-28 12:40:57.399115,2047,0,0,1324,51370,2661,1542,5688,26682,11326,4396
2023-11-28 12:40:57.404113,2047,0,0,1324,51370,2661,1542,5688,26682,11326,4396
2023-11-28 12:40:57.411109,2047,0,0,1324,51370,2661,1542,5688,26682,11326,4396
2023-11-28 12:40:57.415106,2047,0,0,1324,51370,2661,1542,5688,26682,11326,4396
2023-11-28 12:40:57.421107,2047,0,0,1324,51370,2661,1542,5688,26682,11326,4396
2023-11-28 12:40:57.426104,-713,0,0,1324,51370,2661,1542,5688,26682,11326,4396
2023-11-28 12:40:57.431097,-2048,0,0,1324,51370,2661,1542,5688,26682,11326,4396
2023-11-28 12:40:57.434095,-2048,0,0,1324,51370,2661,1542,5688,26682,11326,4396
2023-11-28 12:40:57.438469,-2048,0,0,1324,51370,2661,1542,5688,26682,11326,4396
2023-11-28 12:40:57.442461,-2048,0,0,1324,51370,2661,1542,5688,26682,11326,4396
2023-11-28 12:40:57.446454,-2048,0,0,1324,51370,2661,1542,5688,26682,11326,4396
2023-11-28 12:40:57.450452,-2048,0,0,1324,51370,2661,1542,5688,26682,11326,4396
2023-11-28 12:40:57.454409,-2048,0,0,1324,51370,2661,1542,5688,26682,11326,4396
2023-11-28 12:40:57.458402,-1251,0,0,1324,51370,2661,1542,5688,26682,11326,4396
2023-11-28 12:40:57.462398,2047,0,0,1324,51370,2661,1542,5688,26682,11326,4396
2023-11-28 12:40:57.465396,2047,0,0,1324,51370,2661,1542,5688,26682,11326,4396
2023-11-28 12:40:57.470401,2047,0,0,1324,51370,2661,1542,5688,26682,11326,4396
2023-11-28 12:40:57.473392,2047,0,0,1324,51370,2661,1542,5688,26682,11326,4396
2023-11-28 12:40:57.477390,2047,0,0,1324,51370,2661,1542,5688,26682,11326,4396
2023-11-28 12:40:57.481387,2047,0,0,1324,51370,2661,1542,5688,26682,11326,4396
2023-11-28 12:40:57.486390,2047,0,0,1324,51370,2661,1542,5688,26682,11326,4396
2023-11-28 12:40:57.493382,247,0,0,1324,51370,2661,1542,5688,26682,11326,4396
2023-11-28 12:40:57.497378,2047,0,0,1324,51370,2661,1542,5688,26682,11326,4396
2023-11-28 12:40:57.500376,2047,0,0,1324,51370,2661,1542,5688,26682,11326,4396
2023-11-28 12:40:57.504383,2047,0,0,1324,51370,2661,1542,5688,26682,11326,4396
2023-11-28 12:40:57.509369,2047,0,0,1324,51370,2661,1542,5688,26682,11326,4396
2023-11-28 12:40:57.512367,2047,0,0,1324,51370,2661,1542,5688,26682,11326,4396
2023-11-28 12:40:57.516365,2047,0,0,1324,51370,2661,1542,5688,26682,11326,4396
2023-11-28 12:40:57.520367,2047,0,0,1324,51370,2661,1542,5688,26682,11326,4396
2023-11-28 12:40:57.524366,2047,0,0,1324,51370,2661,1542,5688,26682,11326,4396
2023-11-28 12:40:57.528358,-2048,0,0,1324,51370,2661,1542,5688,26682,11326,4396
2023-11-28 12:40:57.532355,-2048,0,0,1324,51370,2661,1542,5688,26682,11326,4396
2023-11-28 12:40:57.535685,-2048,0,0,1324,51370,2661,1542,5688,26682,11326,4396
2023-11-28 12:40:57.539684,-2048,0,0,1324,51370,2661,1542,5688,26682,11326,4396
2023-11-28 12:40:57.543681,-2048,0,0,1324,51370,2661,1542,5688,26682,11326,4396
2023-11-28 12:40:57.547677,-2048,0,0,1324,51370,2661,1542,5688,26682,11326,4396
2023-11-28 12:40:57.551677,-2048,0,0,1324,51370,2661,1542,5688,26682,11326,4396
2023-11-28 12:40:57.555674,-2048,0,0,1324,51370,2661,1542,5688,26682,11326,4396
2023-11-28 12:40:57.558672,2047,0,0,1324,51370,2661,1542,5688,26682,11326,4396
2023-11-28 12:40:57.563668,-967,0,0,1324,51370,2661,1542,5688,26682,11326,4396
2023-11-28 12:40:57.566666,-967,0,0,1324,51370,2661,1542,5688,26682,11326,4396
2023-11-28 12:40:57.571667,-967,0,0,1324,51370,2661,1542,5688,26682,11326,4396
2023-11-28 12:40:57.575662,-967,0,0,1324,51370,2661,1542,5688,26682,11326,4396
2023-11-28 12:40:57.578660,-967,0,0,1324,51370,2661,1542,5688,26682,11326,4396
2023-11-28 12:40:57.582657,-967,0,0,1324,51370,2661,1542,5688,26682,11326,4396
2023-11-28 12:40:57.587666,-967,0,0,1324,51370,2661,1542,5688,26682,11326,4396
2023-11-28 12:40:57.590656,-2048,0,0,1324,51370,2661,1542,5688,26682,11326,4396
2023-11-28 12:40:57.594651,2047,0,0,1324,51370,2661,1542,5688,26682,11326,4396
2023-11-28 12:40:57.598648,2047,0,0,1324,51370,2661,1542,5688,26682,11326,4396
2023-11-28 12:40:57.604656,2047,0,0,1324,51370,2661,1542,5688,26682,11326,4396
2023-11-28 12:40:57.610642,2047,0,0,1324,51370,2661,1542,5688,26682,11326,4396
2023-11-28 12:40:57.614640,2047,0,0,1324,51370,2661,1542,5688,26682,11326,4396
2023-11-28 12:40:57.617640,2047,0,0,1324,51370,2661,1542,5688,26682,11326,4396
2023-11-28 12:40:57.621637,2047,0,0,1324,51370,2661,1542,5688,26682,11326,4396
2023-11-28 12:40:57.625636,2047,0,0,1324,51370,2661,1542,5688,26682,11326,4396
2023-11-28 12:40:57.629632,2047,0,0,1324,51370,2661,1542,5688,26682,11326,4396
2023-11-28 12:40:57.639724,2047,0,0,1324,51370,2661,1542,5688,26682,11326,4396
2023-11-28 12:40:57.659712,-2048,0,0,1324,51370,2661,1542,5688,26682,11326,4396
2023-11-28 12:40:57.664693,-2048,0,0,1324,51370,2661,1542,5688,26682,11326,4396
2023-11-28 12:40:57.677691,-2048,0,0,1324,51370,2661,1542,5688,26682,11326,4396
2023-11-28 12:40:57.691711,-610,0,0,1324,51370,2661,1542,5688,26682,11326,4396
2023-11-28 12:40:57.697707,-610,0,0,1324,51370,2661,1542,5688,26682,11326,4396
2023-11-28 12:40:57.706702,-610,0,0,1324,51370,2661,1542,5688,26682,11326,4396
2023-11-28 12:40:57.714418,2047,0,0,1324,51370,2661,1542,5688,26682,11326,4396
2023-11-28 12:40:57.728402,2047,0,0,1324,51370,2661,1542,5688,26682,11326,4396
2023-11-28 12:40:57.746392,2047,0,0,1324,51370,2661,1542,5688,26682,11326,4396
2023-11-28 12:40:57.758384,2047,0,0,1324,51370,2661,1542,5688,26682,11326,4396
2023-11-28 12:40:57.763382,2047,0,0,1324,51370,2661,1542,5688,26682,11326,4396
2023-11-28 12:40:57.773377,2047,0,0,1324,51370,2661,1542,5688,26682,11326,4396
2023-11-28 12:40:57.774613,2047,0,0,1324,51370,2661,1542,5688,26682,11326,4396
2023-11-28 12:40:57.778615,-2048,0,0,1324,51370,2661,1542,5688,26682,11326,4396
2023-11-28 12:40:57.788611,-2048,0,0,1324,51370,2661,1542,5688,26682,11326,4396
2023-11-28 12:40:57.795612,-2048,0,0,1324,51370,2661,1542,5688,26682,11326,4396
2023-11-28 12:40:57.797446,-2048,0,0,1324,51370,2661,1542,5688,26682,11326,4396
2023-11-28 12:40:57.801448,-2048,0,0,1324,51370,2661,1542,5688,26682,11326,4396
2023-11-28 12:40:57.807595,-2048,0,0,1324,51370,2661,1542,5688,26682,11326,4396
2023-11-28 12:40:57.809595,2047,0,0,1324,51370,2661,1542,5688,26682,11326,4396
2023-11-28 12:40:57.813591,2047,0,0,1324,51370,2661,1542,5688,26682,11326,4396
2023-11-28 12:40:57.817588,2047,0,0,1324,51370,2661,1542,5688,26682,11326,4396
2023-11-28 12:40:57.821588,2047,0,0,1324,51370,2661,1542,5688,26682,11326,4396
2023-11-28 12:40:57.824586,2047,0,0,1324,51370,2661,1542,5688,26682,11326,4396
2023-11-28 12:40:57.829582,2047,0,0,1324,51370,2661,1542,5688,26682,11326,4396
2023-11-28 12:40:57.832580,2047,0,0,1324,51370,2661,1542,5688,26682,11326,4396
2023-11-28 12:40:57.836580,2047,0,0,1324,51370,2661,1542,5688,26682,11326,4396
2023-11-28 12:40:57.840577,2047,0,0,1324,51370,2661,1542,5688,26682,11326,4396
2023-11-28 12:40:57.844574,2047,0,0,1324,51370,2661,1542,5688,26682,11326,4396
2023-11-28 12:40:57.848572,2047,0,0,1324,51370,2661,1542,5688,26682,11326,4396
2023-11-28 12:40:57.852570,2047,0,0,1324,51370,2661,1542,5688,26682,11326,4396
2023-11-28 12:40:57.855569,2047,0,0,1324,51370,2661,1542,5688,26682,11326,4396
2023-11-28 12:40:57.860564,-2048,0,0,1324,51370,2661,1542,5688,26682,11326,4396
2023-11-28 12:40:57.864563,-2048,0,0,1324,51370,2661,1542,5688,26682,11326,4396
2023-11-28 12:40:57.867561,-2048,0,0,1324,51370,2661,1542,5688,26682,11326,4396
2023-11-28 12:40:57.871560,-2048,0,0,1324,51370,2661,1542,5688,26682,11326,4396
2023-11-28 12:40:57.876555,-2048,0,0,1324,51370,2661,1542,5688,26682,11326,4396
2023-11-28 12:40:57.879555,-2048,0,0,1324,51370,2661,1542,5688,26682,11326,4396
2023-11-28 12:40:57.883552,-2048,0,0,1324,51370,2661,1542,5688,26682,11326,4396
2023-11-28 12:40:57.887551,-2048,0,0,1324,51370,2661,1542,5688,26682,11326,4396
2023-11-28 12:40:57.891546,-2048,0,0,1324,51370,2661,1542,5688,26682,11326,4396
2023-11-28 12:40:57.895545,-2048,0,0,1324,51370,2661,1542,5688,26682,11326,4396
2023-11-28 12:40:57.899542,-2048,0,0,1324,51370,2661,1542,5688,26682,11326,4396
2023-11-28 12:40:57.903541,-2048,0,0,1324,51370,2661,1542,5688,26682,11326,4396
2023-11-28 12:40:57.907539,-2048,0,0,1324,51370,2661,1542,5688,26682,11326,4396
2023-11-28 12:40:57.911536,-2048,0,0,1324,51370,2661,1542,5688,26682,11326,4396
2023-11-28 12:40:57.914536,-2048,0,0,1324,51370,2661,1542,5688,26682,11326,4396
2023-11-28 12:40:57.921532,-2048,0,0,1324,51370,2661,1542,5688,26682,11326,4396
2023-11-28 12:40:57.930526,2047,0,0,1324,51370,2661,1542,5688,26682,11326,4396
2023-11-28 12:40:57.934522,2047,0,0,1324,51370,2661,1542,5688,26682,11326,4396
2023-11-28 12:40:57.938521,2047,0,0,1324,51370,2661,1542,5688,26682,11326,4396
2023-11-28 12:40:57.942518,2047,0,0,1324,51370,2661,1542,5688,26682,11326,4396
2023-11-28 12:40:57.949515,2047,0,0,1324,51370,2661,1542,5688,26682,11326,4396
2023-11-28 12:40:57.958509,-2048,0,0,1324,51370,2661,1542,5688,26682,11326,4396
2023-11-28 12:40:57.962506,1390,0,0,1324,51370,2661,1542,5688,26682,11326,4396
2023-11-28 12:40:57.965504,1390,0,0,1324,51370,2661,1542,5688,26682,11326,4396
2023-11-28 12:40:57.969504,1390,0,0,1324,51370,2661,1542,5688,26682,11326,4396
2023-11-28 12:40:57.973500,1390,0,0,1324,51370,2661,1542,5688,26682,11326,4396
2023-11-28 12:40:57.977497,1390,0,0,1324,51370,2661,1542,5688,26682,11326,4396
2023-11-28 12:40:57.981495,1390,0,0,1324,51370,2661,1542,5688,26682,11326,4396
2023-11-28 12:40:57.985493,1390,0,0,1324,51370,2661,1542,5688,26682,11326,4396
2023-11-28 12:40:57.989492,1390,0,0,1324,51370,2661,1542,5688,26682,11326,4396
2023-11-28 12:40:57.993488,-2048,0,0,1324,51370,2661,1542,5688,26682,11326,4396
2023-11-28 12:40:57.996486,-2048,0,0,1324,51370,2661,1542,5688,26682,11326,4396
2023-11-28 12:40:58.001484,-2048,0,0,1324,51370,2661,1542,5688,26682,11326,4396
2023-11-28 12:40:58.004483,-2048,0,0,1324,51370,2661,1542,5688,26682,11326,4396
2023-11-28 12:40:58.008479,-2048,0,0,1324,51370,2661,1542,5688,26682,11326,4396
2023-11-28 12:40:58.012477,-2048,0,0,1324,51370,2661,1542,5688,26682,11326,4396
2023-11-28 12:40:58.016475,-2048,0,0,1324,51370,2661,1542,5688,26682,11326,4396
2023-11-28 12:40:58.020474,-2048,0,0,1324,51370,2661,1542,5688,26682,11326,4396
2023-11-28 12:40:58.024472,2047,0,0,1324,51370,2661,1542,5688,26682,11326,4396
2023-11-28 12:40:58.028468,449,0,0,1324,51370,2661,1542,5688,26682,11326,4396
2023-11-28 12:40:58.032466,449,0,0,1324,51370,2661,1542,5688,26682,11326,4396
2023-11-28 12:40:58.035465,449,0,0,1324,51370,2661,1542,5688,26682,11326,4396
2023-11-28 12:40:58.040461,449,0,0,1324,51370,2661,1542,5688,26682,11326,4396
2023-11-28 12:40:58.043460,449,0,0,1324,51370,2661,1542,5688,26682,11326,4396
2023-11-28 12:40:58.047459,449,0,0,1324,51370,2661,1542,5688,26682,11326,4396
2023-11-28 12:40:58.051456,449,0,0,1324,51370,2661,1542,5688,26682,11326,4396
2023-11-28 12:40:58.055453,449,0,0,1324,51370,2661,1542,5688,26682,11326,4396
2023-11-28 12:40:58.060461,2047,0,0,1324,51370,2661,1542,5688,26682,11326,4396
2023-11-28 12:40:58.063450,2047,0,0,1324,51370,2661,1542,5688,26682,11326,4396
2023-11-28 12:40:58.112013,-2048,0,0,1324,51370,2661,1542,5688,26682,11326,4396
2023-11-28 12:40:58.126004,-2048,0,0,1324,51370,2661,1542,5688,26682,11326,4396
2023-11-28 12:40:58.133999,-2048,0,0,1324,51370,2661,1542,5688,26682,11326,4396
2023-11-28 12:40:58.144009,-2048,0,0,1324,51370,2661,1542,5688,26682,11326,4396
2023-11-28 12:40:58.149144,-2048,0,0,1324,51370,2661,1542,5688,26682,11326,4396
2023-11-28 12:40:58.153182,-2048,0,0,1324,51370,2661,1542,5688,26682,11326,4396
2023-11-28 12:40:58.157183,-2048,0,0,1324,51370,2661,1542,5688,26682,11326,4396
2023-11-28 12:40:58.160182,781,0,0,1324,51370,2661,1542,5688,26682,11326,4396
2023-11-28 12:40:58.164463,2047,0,0,1324,51370,2661,1542,5688,26682,11326,4396
2023-11-28 12:40:58.168295,2047,0,0,1324,51370,2661,1542,5688,26682,11326,4396
2023-11-28 12:40:58.172294,2047,0,0,1324,51370,2661,1542,5688,26682,11326,4396
2023-11-28 12:40:58.176264,2047,0,0,1324,51370,2661,1542,5688,26682,11326,4396
2023-11-28 12:40:58.180051,2047,0,0,1324,51370,2661,1542,5688,26682,11326,4396
2023-11-28 12:40:58.183902,2047,0,0,1324,51370,2661,1542,5688,26682,11326,4396
2023-11-28 12:40:58.188921,2047,0,0,1324,51370,2661,1542,5688,26682,11326,4396
2023-11-28 12:40:58.191850,2047,0,0,1324,51370,2661,1542,5688,26682,11326,4396
2023-11-28 12:40:58.196066,246,0,0,1324,51370,2661,1542,5688,26682,11326,4396
2023-11-28 12:40:58.200048,246,0,0,1324,51370,2661,1542,5688,26682,11326,4396
2023-11-28 12:40:58.204051,246,0,0,1324,51370,2661,1542,5688,26682,11326,4396
2023-11-28 12:40:58.207722,246,0,0,1324,51370,2661,1542,5688,26682,11326,4396
2023-11-28 12:40:58.211314,246,0,0,1324,51370,2661,1542,5688,26682,11326,4396
2023-11-28 12:40:58.215601,246,0,0,1324,51370,2661,1542,5688,26682,11326,4396
2023-11-28 12:40:58.219042,246,0,0,1324,51370,2661,1542,5688,26682,11326,4396
2023-11-28 12:40:58.223403,246,0,0,1324,51370,2661,1542,5688,26682,11326,4396
2023-11-28 12:40:58.227342,2047,0,0,1324,51370,2661,1542,5688,26682,11326,4396
2023-11-28 12:40:58.231354,2047,0,0,85846,234316,45723,24276,17702,491720,251375,50514
2023-11-28 12:40:58.234675,2047,0,0,85846,234316,45723,24276,17702,491720,251375,50514
2023-11-28 12:40:58.238615,2047,0,0,85846,234316,45723,24276,17702,491720,251375,50514
2023-11-28 12:40:58.242443,2047,0,0,85846,234316,45723,24276,17702,491720,251375,50514
2023-11-28 12:40:58.247214,2047,0,0,85846,234316,45723,24276,17702,491720,251375,50514
2023-11-28 12:40:58.251213,2047,0,0,85846,234316,45723,24276,17702,491720,251375,50514
2023-11-28 12:40:58.254164,2047,0,0,85846,234316,45723,24276,17702,491720,251375,50514
2023-11-28 12:40:58.259171,2047,0,0,85846,234316,45723,24276,17702,491720,251375,50514
2023-11-28 12:40:58.263184,-2048,0,0,85846,234316,45723,24276,17702,491720,251375,50514
2023-11-28 12:40:58.266238,-2048,0,0,85846,234316,45723,24276,17702,491720,251375,50514
2023-11-28 12:40:58.270477,-2048,0,0,85846,234316,45723,24276,17702,491720,251375,50514
2023-11-28 12:40:58.273883,-2048,0,0,85846,234316,45723,24276,17702,491720,251375,50514
2023-11-28 12:40:58.277521,-2048,0,0,85846,234316,45723,24276,17702,491720,251375,50514
2023-11-28 12:40:58.281473,-2048,0,0,85846,234316,45723,24276,17702,491720,251375,50514
2023-11-28 12:40:58.285362,-2048,0,0,85846,234316,45723,24276,17702,491720,251375,50514
2023-11-28 12:40:58.290529,-2048,0,0,85846,234316,45723,24276,17702,491720,251375,50514
2023-11-28 12:40:58.293494,-2048,0,0,85846,234316,45723,24276,17702,491720,251375,50514
2023-11-28 12:40:58.297479,-2048,0,0,85846,234316,45723,24276,17702,491720,251375,50514
2023-11-28 12:40:58.300980,-2048,0,0,85846,234316,45723,24276,17702,491720,251375,50514
2023-11-28 12:40:58.306012,-2048,0,0,85846,234316,45723,24276,17702,491720,251375,50514
2023-11-28 12:40:58.309408,-2048,0,0,85846,234316,45723,24276,17702,491720,251375,50514
2023-11-28 12:40:58.312979,-2048,0,0,85846,234316,45723,24276,17702,491720,251375,50514
2023-11-28 12:40:58.316627,-2048,0,0,85846,234316,45723,24276,17702,491720,251375,50514
2023-11-28 12:40:58.321656,-2048,0,0,85846,234316,45723,24276,17702,491720,251375,50514
2023-11-28 12:40:58.325626,-2048,0,0,85846,234316,45723,24276,17702,491720,251375,50514
2023-11-28 12:40:58.328593,-1880,0,0,85846,234316,45723,24276,17702,491720,251375,50514
2023-11-28 12:40:58.332271,2047,0,0,85846,234316,45723,24276,17702,491720,251375,50514
2023-11-28 12:40:58.337367,2047,0,0,85846,234316,45723,24276,17702,491720,251375,50514
2023-11-28 12:40:58.340376,2047,0,0,85846,234316,45723,24276,17702,491720,251375,50514
2023-11-28 12:40:58.344432,2047,0,0,85846,234316,45723,24276,17702,491720,251375,50514
2023-11-28 12:40:58.348433,2047,0,0,85846,234316,45723,24276,17702,491720,251375,50514
2023-11-28 12:40:58.352804,2047,0,0,85846,234316,45723,24276,17702,491720,251375,50514
2023-11-28 12:40:58.356834,2047,0,0,85846,234316,45723,24276,17702,491720,251375,50514
2023-11-28 12:40:58.359606,2047,0,0,85846,234316,45723,24276,17702,491720,251375,50514
2023-11-28 12:40:58.363442,-2048,0,0,85846,234316,45723,24276,17702,491720,251375,50514
2023-11-28 12:40:58.367675,2047,0,0,85846,234316,45723,24276,17702,491720,251375,50514
2023-11-28 12:40:58.371677,2047,0,0,85846,234316,45723,24276,17702,491720,251375,50514
2023-11-28 12:40:58.376270,2047,0,0,85846,234316,45723,24276,17702,491720,251375,50514
2023-11-28 12:40:58.379114,2047,0,0,85846,234316,45723,24276,17702,491720,251375,50514
2023-11-28 12:40:58.383331,2047,0,0,85846,234316,45723,24276,17702,491720,251375,50514
2023-11-28 12:40:58.387673,2047,0,0,85846,234316,45723,24276,17702,491720,251375,50514
2023-11-28 12:40:58.394845,2047,0,0,85846,234316,45723,24276,17702,491720,251375,50514
2023-11-28 12:40:58.399689,-2048,0,0,85846,234316,45723,24276,17702,491720,251375,50514
2023-11-28 12:40:58.403701,-2048,0,0,85846,234316,45723,24276,17702,491720,251375,50514
2023-11-28 12:40:58.406702,-2048,0,0,85846,234316,45723,24276,17702,491720,251375,50514
2023-11-28 12:40:58.410697,-2048,0,0,85846,234316,45723,24276,17702,491720,251375,50514
2023-11-28 12:40:58.415352,-2048,0,0,85846,234316,45723,24276,17702,491720,251375,50514
2023-11-28 12:40:58.420103,-2048,0,0,85846,234316,45723,24276,17702,491720,251375,50514
2023-11-28 12:40:58.423118,-2048,0,0,85846,234316,45723,24276,17702,491720,251375,50514
2023-11-28 12:40:58.426373,-2048,0,0,85846,234316,45723,24276,17702,491720,251375,50514
2023-11-28 12:40:58.430174,-1636,0,0,85846,234316,45723,24276,17702,491720,251375,50514
2023-11-28 12:40:58.434401,-1636,0,0,85846,234316,45723,24276,17702,491720,251375,50514
2023-11-28 12:40:58.438327,-988,0,0,85846,234316,45723,24276,17702,491720,251375,50514
2023-11-28 12:40:58.442017,2047,0,0,85846,234316,45723,24276,17702,491720,251375,50514
2023-11-28 12:40:58.445445,2047,0,0,85846,234316,45723,24276,17702,491720,251375,50514
2023-11-28 12:40:58.449628,2047,0,0,85846,234316,45723,24276,17702,491720,251375,50514
2023-11-28 12:40:58.453974,2047,0,0,85846,234316,45723,24276,17702,491720,251375,50514
2023-11-28 12:40:58.457767,2047,0,0,85846,234316,45723,24276,17702,491720,251375,50514
2023-11-28 12:40:58.461136,2047,0,0,85846,234316,45723,24276,17702,491720,251375,50514
2023-11-28 12:40:58.465300,2047,0,0,85846,234316,45723,24276,17702,491720,251375,50514
2023-11-28 12:40:58.469852,-2048,0,0,85846,234316,45723,24276,17702,491720,251375,50514
2023-11-28 12:40:58.472852,2047,0,0,85846,234316,45723,24276,17702,491720,251375,50514
2023-11-28 12:40:58.476847,2047,0,0,85846,234316,45723,24276,17702,491720,251375,50514
2023-11-28 12:40:58.481010,2047,0,0,85846,234316,45723,24276,17702,491720,251375,50514
2023-11-28 12:40:58.484583,2047,0,0,85846,234316,45723,24276,17702,491720,251375,50514
2023-11-28 12:40:58.489585,2047,0,0,85846,234316,45723,24276,17702,491720,251375,50514
2023-11-28 12:40:58.492585,2047,0,0,85846,234316,45723,24276,17702,491720,251375,50514
2023-11-28 12:40:58.496818,2047,0,0,85846,234316,45723,24276,17702,491720,251375,50514
2023-11-28 12:40:58.500244,-2048,0,0,85846,234316,45723,24276,17702,491720,251375,50514
2023-11-28 12:40:58.505187,-2048,0,0,85846,234316,45723,24276,17702,491720,251375,50514
2023-11-28 12:40:58.509183,-2048,0,0,85846,234316,45723,24276,17702,491720,251375,50514
2023-11-28 12:40:58.513215,-2048,0,0,85846,234316,45723,24276,17702,491720,251375,50514
2023-11-28 12:40:58.516722,-2048,0,0,85846,234316,45723,24276,17702,491720,251375,50514
2023-11-28 12:40:58.520681,-2048,0,0,85846,234316,45723,24276,17702,491720,251375,50514
2023-11-28 12:40:58.524680,-2048,0,0,85846,234316,45723,24276,17702,491720,251375,50514
2023-11-28 12:40:58.528753,-2048,0,0,85846,234316,45723,24276,17702,491720,251375,50514
2023-11-28 12:40:58.532498,-2048,0,0,85846,234316,45723,24276,17702,491720,251375,50514
2023-11-28 12:40:58.536405,-1442,0,0,85846,234316,45723,24276,17702,491720,251375,50514
2023-11-28 12:40:58.540404,-1442,0,0,85846,234316,45723,24276,17702,491720,251375,50514
2023-11-28 12:40:58.544437,-1442,0,0,85846,234316,45723,24276,17702,491720,251375,50514
2023-11-28 12:40:58.547035,-1442,0,0,85846,234316,45723,24276,17702,491720,251375,50514
2023-11-28 12:40:58.550937,-1442,0,0,85846,234316,45723,24276,17702,491720,251375,50514
2023-11-28 12:40:58.555227,-1442,0,0,85846,234316,45723,24276,17702,491720,251375,50514
2023-11-28 12:40:58.559275,-1442,0,0,85846,234316,45723,24276,17702,491720,251375,50514
2023-11-28 12:40:58.563000,-1442,0,0,85846,234316,45723,24276,17702,491720,251375,50514
2023-11-28 12:40:58.566565,-1442,0,0,85846,234316,45723,24276,17702,491720,251375,50514
2023-11-28 12:40:58.571123,2047,0,0,85846,234316,45723,24276,17702,491720,251375,50514
2023-11-28 12:40:58.575159,2047,0,0,85846,234316,45723,24276,17702,491720,251375,50514
2023-11-28 12:40:58.578321,2047,0,0,85846,234316,45723,24276,17702,491720,251375,50514
2023-11-28 12:40:58.582218,2047,0,0,85846,234316,45723,24276,17702,491720,251375,50514
2023-11-28 12:40:58.586175,2047,0,0,85846,234316,45723,24276,17702,491720,251375,50514
2023-11-28 12:40:58.591208,2047,0,0,85846,234316,45723,24276,17702,491720,251375,50514
2023-11-28 12:40:58.594229,2047,0,0,85846,234316,45723,24276,17702,491720,251375,50514
2023-11-28 12:40:58.598130,2047,0,0,85846,234316,45723,24276,17702,491720,251375,50514
2023-11-28 12:40:58.602073,2047,0,0,85846,234316,45723,24276,17702,491720,251375,50514
2023-11-28 12:40:58.606083,-2048,0,0,85846,234316,45723,24276,17702,491720,251375,50514
2023-11-28 12:40:58.609652,2047,0,0,85846,234316,45723,24276,17702,491720,251375,50514
2023-11-28 12:40:58.613418,2047,0,0,85846,234316,45723,24276,17702,491720,251375,50514
2023-11-28 12:40:58.617747,2047,0,0,85846,234316,45723,24276,17702,491720,251375,50514
2023-11-28 12:40:58.621750,2047,0,0,85846,234316,45723,24276,17702,491720,251375,50514
2023-11-28 12:40:58.625745,2047,0,0,85846,234316,45723,24276,17702,491720,251375,50514
2023-11-28 12:40:58.629744,2047,0,0,85846,234316,45723,24276,17702,491720,251375,50514
2023-11-28 12:40:58.633741,2047,0,0,85846,234316,45723,24276,17702,491720,251375,50514
2023-11-28 12:40:58.638739,-2048,0,0,85846,234316,45723,24276,17702,491720,251375,50514
2023-11-28 12:40:58.641739,2047,0,0,85846,234316,45723,24276,17702,491720,251375,50514
2023-11-28 12:40:58.645018,-2048,0,0,85846,234316,45723,24276,17702,491720,251375,50514
2023-11-28 12:40:58.649070,-2048,0,0,85846,234316,45723,24276,17702,491720,251375,50514
2023-11-28 12:40:58.653869,-2048,0,0,85846,234316,45723,24276,17702,491720,251375,50514
2023-11-28 12:40:58.661132,-2048,0,0,85846,234316,45723,24276,17702,491720,251375,50514
2023-11-28 12:40:58.664624,-2048,0,0,85846,234316,45723,24276,17702,491720,251375,50514
2023-11-28 12:40:58.668216,-2048,0,0,85846,234316,45723,24276,17702,491720,251375,50514
2023-11-28 12:40:58.673217,-1236,0,0,85846,234316,45723,24276,17702,491720,251375,50514
2023-11-28 12:40:58.676482,2047,0,0,85846,234316,45723,24276,17702,491720,251375,50514
2023-11-28 12:40:58.679933,2047,0,0,85846,234316,45723,24276,17702,491720,251375,50514
2023-11-28 12:40:58.684663,2047,0,0,85846,234316,45723,24276,17702,491720,251375,50514
2023-11-28 12:40:58.688568,2047,0,0,85846,234316,45723,24276,17702,491720,251375,50514
2023-11-28 12:40:58.691934,2047,0,0,85846,234316,45723,24276,17702,491720,251375,50514
2023-11-28 12:40:58.695532,2047,0,0,85846,234316,45723,24276,17702,491720,251375,50514
2023-11-28 12:40:58.700223,2047,0,0,85846,234316,45723,24276,17702,491720,251375,50514
2023-11-28 12:40:58.704135,2047,0,0,85846,234316,45723,24276,17702,491720,251375,50514
2023-11-28 12:40:58.708166,2047,0,0,85846,234316,45723,24276,17702,491720,251375,50514
2023-11-28 12:40:58.711368,2047,0,0,85846,234316,45723,24276,17702,491720,251375,50514
2023-11-28 12:40:58.715615,2047,0,0,85846,234316,45723,24276,17702,491720,251375,50514
2023-11-28 12:40:58.718874,2047,0,0,85846,234316,45723,24276,17702,491720,251375,50514
2023-11-28 12:40:58.723876,2047,0,0,85846,234316,45723,24276,17702,491720,251375,50514
2023-11-28 12:40:58.726832,2047,0,0,85846,234316,45723,24276,17702,491720,251375,50514
2023-11-28 12:40:58.731091,2047,0,0,85846,234316,45723,24276,17702,491720,251375,50514
2023-11-28 12:40:58.734950,2047,0,0,85846,234316,45723,24276,17702,491720,251375,50514
2023-11-28 12:40:58.738955,2047,0,0,85846,234316,45723,24276,17702,491720,251375,50514
2023-11-28 12:40:58.742872,-2048,0,0,85846,234316,45723,24276,17702,491720,251375,50514
2023-11-28 12:40:58.746463,-2048,0,0,85846,234316,45723,24276,17702,491720,251375,50514
2023-11-28 12:40:58.750637,-2048,0,0,85846,234316,45723,24276,17702,491720,251375,50514
2023-11-28 12:40:58.754638,-2048,0,0,85846,234316,45723,24276,17702,491720,251375,50514
2023-11-28 12:40:58.758389,-2048,0,0,85846,234316,45723,24276,17702,491720,251375,50514
2023-11-28 12:40:58.762106,-2048,0,0,85846,234316,45723,24276,17702,491720,251375,50514
2023-11-28 12:40:58.766198,-2048,0,0,85846,234316,45723,24276,17702,491720,251375,50514
2023-11-28 12:40:58.769748,-2048,0,0,85846,234316,45723,24276,17702,491720,251375,50514
2023-11-28 12:40:58.773960,-2048,0,0,85846,234316,45723,24276,17702,491720,251375,50514
2023-11-28 12:40:58.777665,-2048,0,0,85846,234316,45723,24276,17702,491720,251375,50514
2023-11-28 12:40:58.781915,-860,0,0,85846,234316,45723,24276,17702,491720,251375,50514
2023-11-28 12:40:58.785421,-860,0,0,85846,234316,45723,24276,17702,491720,251375,50514
2023-11-28 12:40:58.789894,-860,0,0,85846,234316,45723,24276,17702,491720,251375,50514
2023-11-28 12:40:58.793271,-860,0,0,85846,234316,45723,24276,17702,491720,251375,50514
2023-11-28 12:40:58.797431,-860,0,0,85846,234316,45723,24276,17702,491720,251375,50514
2023-11-28 12:40:58.801064,-860,0,0,85846,234316,45723,24276,17702,491720,251375,50514
2023-11-28 12:40:58.805425,-860,0,0,85846,234316,45723,24276,17702,491720,251375,50514
2023-11-28 12:40:58.808938,-860,0,0,85846,234316,45723,24276,17702,491720,251375,50514
2023-11-28 12:40:58.813730,2047,0,0,85846,234316,45723,24276,17702,491720,251375,50514
2023-11-28 12:40:58.816648,2047,0,0,85846,234316,45723,24276,17702,491720,251375,50514
2023-11-28 12:40:58.821518,2047,0,0,85846,234316,45723,24276,17702,491720,251375,50514
2023-11-28 12:40:58.825038,2047,0,0,85846,234316,45723,24276,17702,491720,251375,50514
2023-11-28 12:40:58.828375,2047,0,0,85846,234316,45723,24276,17702,491720,251375,50514
2023-11-28 12:40:58.832305,2047,0,0,85846,234316,45723,24276,17702,491720,251375,50514
2023-11-28 12:40:58.836511,2047,0,0,85846,234316,45723,24276,17702,491720,251375,50514
2023-11-28 12:40:58.840545,2047,0,0,85846,234316,45723,24276,17702,491720,251375,50514
2023-11-28 12:40:58.845021,2047,0,0,85846,234316,45723,24276,17702,491720,251375,50514
2023-11-28 12:40:58.848392,-2048,0,0,85846,234316,45723,24276,17702,491720,251375,50514
2023-11-28 12:40:58.851779,-2048,0,0,85846,234316,45723,24276,17702,491720,251375,50514
2023-11-28 12:40:58.856451,-2048,0,0,85846,234316,45723,24276,17702,491720,251375,50514
2023-11-28 12:40:58.859752,-2048,0,0,85846,234316,45723,24276,17702,491720,251375,50514
2023-11-28 12:40:58.863858,-2048,0,0,85846,234316,45723,24276,17702,491720,251375,50514
2023-11-28 12:40:58.867762,-2048,0,0,85846,234316,45723,24276,17702,491720,251375,50514
2023-11-28 12:40:58.871911,-2048,0,0,85846,234316,45723,24276,17702,491720,251375,50514
2023-11-28 12:40:58.875973,-2048,0,0,85846,234316,45723,24276,17702,491720,251375,50514
2023-11-28 12:40:58.879157,-2048,0,0,85846,234316,45723,24276,17702,491720,251375,50514
2023-11-28 12:40:58.883326,-2048,0,0,85846,234316,45723,24276,17702,491720,251375,50514
2023-11-28 12:40:58.887690,-2048,0,0,85846,234316,45723,24276,17702,491720,251375,50514
2023-11-28 12:40:58.891156,-2048,0,0,85846,234316,45723,24276,17702,491720,251375,50514
2023-11-28 12:40:58.895447,-2048,0,0,85846,234316,45723,24276,17702,491720,251375,50514
2023-11-28 12:40:58.898712,-2048,0,0,85846,234316,45723,24276,17702,491720,251375,50514
2023-11-28 12:40:58.903401,2047,0,0,85846,234316,45723,24276,17702,491720,251375,50514
2023-11-28 12:40:58.906423,2047,0,0,85846,234316,45723,24276,17702,491720,251375,50514
2023-11-28 12:40:58.911478,2047,0,0,85846,234316,45723,24276,17702,491720,251375,50514
2023-11-28 12:40:58.914307,2047,0,0,85846,234316,45723,24276,17702,491720,251375,50514
2023-11-28 12:40:58.918108,2047,0,0,85846,234316,45723,24276,17702,491720,251375,50514
2023-11-28 12:40:58.923140,2047,0,0,85846,234316,45723,24276,17702,491720,251375,50514
2023-11-28 12:40:58.926373,2047,0,0,85846,234316,45723,24276,17702,491720,251375,50514
2023-11-28 12:40:58.930224,2047,0,0,85846,234316,45723,24276,17702,491720,251375,50514
2023-11-28 12:40:58.933712,2047,0,0,85846,234316,45723,24276,17702,491720,251375,50514
2023-11-28 12:40:58.938713,2047,0,0,85846,234316,45723,24276,17702,491720,251375,50514
2023-11-28 12:40:58.941819,2047,0,0,85846,234316,45723,24276,17702,491720,251375,50514
2023-11-28 12:40:58.945839,2047,0,0,85846,234316,45723,24276,17702,491720,251375,50514
2023-11-28 12:40:58.949397,2047,0,0,85846,234316,45723,24276,17702,491720,251375,50514
2023-11-28 12:40:58.953843,2047,0,0,85846,234316,45723,24276,17702,491720,251375,50514
2023-11-28 12:40:58.957521,2047,0,0,85846,234316,45723,24276,17702,491720,251375,50514
2023-11-28 12:40:58.961531,2047,0,0,85846,234316,45723,24276,17702,491720,251375,50514
2023-11-28 12:40:58.965668,-2048,0,0,85846,234316,45723,24276,17702,491720,251375,50514
2023-11-28 12:40:58.969857,-2048,0,0,85846,234316,45723,24276,17702,491720,251375,50514
2023-11-28 12:40:58.972883,-2048,0,0,85846,234316,45723,24276,17702,491720,251375,50514
2023-11-28 12:40:58.977849,-2048,0,0,85846,234316,45723,24276,17702,491720,251375,50514
2023-11-28 12:40:58.980849,-2048,0,0,85846,234316,45723,24276,17702,491720,251375,50514
2023-11-28 12:40:58.984866,-2048,0,0,85846,234316,45723,24276,17702,491720,251375,50514
2023-11-28 12:40:58.988850,-2048,0,0,85846,234316,45723,24276,17702,491720,251375,50514
2023-11-28 12:40:58.993843,-2048,0,0,85846,234316,45723,24276,17702,491720,251375,50514
2023-11-28 12:40:58.996860,-2048,0,0,85846,234316,45723,24276,17702,491720,251375,50514
2023-11-28 12:40:59.000837,-2048,0,0,85846,234316,45723,24276,17702,491720,251375,50514
2023-11-28 12:40:59.006835,2047,0,0,85846,234316,45723,24276,17702,491720,251375,50514
2023-11-28 12:40:59.012830,-313,0,0,85846,234316,45723,24276,17702,491720,251375,50514
2023-11-28 12:40:59.015820,-313,0,0,85846,234316,45723,24276,17702,491720,251375,50514
2023-11-28 12:40:59.022854,-313,0,0,85846,234316,45723,24276,17702,491720,251375,50514
2023-11-28 12:40:59.028434,-313,0,0,85846,234316,45723,24276,17702,491720,251375,50514
2023-11-28 12:40:59.031374,-313,0,0,85846,234316,45723,24276,17702,491720,251375,50514
2023-11-28 12:40:59.035910,2047,0,0,85846,234316,45723,24276,17702,491720,251375,50514
2023-11-28 12:40:59.039999,2047,0,0,85846,234316,45723,24276,17702,491720,251375,50514
2023-11-28 12:40:59.044003,2047,0,0,85846,234316,45723,24276,17702,491720,251375,50514
2023-11-28 12:40:59.047354,2047,0,0,85846,234316,45723,24276,17702,491720,251375,50514
2023-11-28 12:40:59.050953,2047,0,0,85846,234316,45723,24276,17702,491720,251375,50514
2023-11-28 12:40:59.055956,2047,0,0,85846,234316,45723,24276,17702,491720,251375,50514
2023-11-28 12:40:59.059954,2047,0,0,85846,234316,45723,24276,17702,491720,251375,50514
2023-11-28 12:40:59.063355,2047,0,0,85846,234316,45723,24276,17702,491720,251375,50514
2023-11-28 12:40:59.066781,2047,0,0,85846,234316,45723,24276,17702,491720,251375,50514
2023-11-28 12:40:59.070967,1866,0,0,85846,234316,45723,24276,17702,491720,251375,50514
2023-11-28 12:40:59.074965,1866,0,0,85846,234316,45723,24276,17702,491720,251375,50514
2023-11-28 12:40:59.079351,1866,0,0,85846,234316,45723,24276,17702,491720,251375,50514
2023-11-28 12:40:59.082483,1866,0,0,85846,234316,45723,24276,17702,491720,251375,50514
2023-11-28 12:40:59.086980,1866,0,0,85846,234316,45723,24276,17702,491720,251375,50514
2023-11-28 12:40:59.090995,1866,0,0,85846,234316,45723,24276,17702,491720,251375,50514
2023-11-28 12:40:59.095031,1866,0,0,85846,234316,45723,24276,17702,491720,251375,50514
2023-11-28 12:40:59.098017,1866,0,0,85846,234316,45723,24276,17702,491720,251375,50514
2023-11-28 12:40:59.102367,-2048,0,0,85846,234316,45723,24276,17702,491720,251375,50514
2023-11-28 12:40:59.106389,-2048,0,0,85846,234316,45723,24276,17702,491720,251375,50514
2023-11-28 12:40:59.109814,-2048,0,0,85846,234316,45723,24276,17702,491720,251375,50514
2023-11-28 12:40:59.114130,-2048,0,0,85846,234316,45723,24276,17702,491720,251375,50514
2023-11-28 12:40:59.118131,-2048,0,0,85846,234316,45723,24276,17702,491720,251375,50514
2023-11-28 12:40:59.122106,-2048,0,0,85846,234316,45723,24276,17702,491720,251375,50514
2023-11-28 12:40:59.126104,-2048,0,0,85846,234316,45723,24276,17702,491720,251375,50514
2023-11-28 12:40:59.130121,-2048,0,0,85846,234316,45723,24276,17702,491720,251375,50514
2023-11-28 12:40:59.133120,25,0,0,85846,234316,45723,24276,17702,491720,251375,50514
2023-11-28 12:40:59.137099,25,0,0,85846,234316,45723,24276,17702,491720,251375,50514
2023-11-28 12:40:59.141169,2047,0,0,85846,234316,45723,24276,17702,491720,251375,50514
2023-11-28 12:40:59.146170,2047,0,0,85846,234316,45723,24276,17702,491720,251375,50514
2023-11-28 12:40:59.149170,2047,0,0,85846,234316,45723,24276,17702,491720,251375,50514
2023-11-28 12:40:59.153167,2047,0,0,85846,234316,45723,24276,17702,491720,251375,50514
2023-11-28 12:40:59.158389,2047,0,0,85846,234316,45723,24276,17702,491720,251375,50514
2023-11-28 12:40:59.161402,2047,0,0,85846,234316,45723,24276,17702,491720,251375,50514
2023-11-28 12:40:59.165378,2047,0,0,85846,234316,45723,24276,17702,491720,251375,50514
2023-11-28 12:40:59.172375,2047,0,0,85846,234316,45723,24276,17702,491720,251375,50514
2023-11-28 12:40:59.177371,2047,0,0,85846,234316,45723,24276,17702,491720,251375,50514
2023-11-28 12:40:59.180369,1399,0,0,85846,234316,45723,24276,17702,491720,251375,50514
2023-11-28 12:40:59.184369,1399,0,0,85846,234316,45723,24276,17702,491720,251375,50514
2023-11-28 12:40:59.188369,1399,0,0,85846,234316,45723,24276,17702,491720,251375,50514
2023-11-28 12:40:59.192366,1399,0,0,85846,234316,45723,24276,17702,491720,251375,50514
2023-11-28 12:40:59.196360,1399,0,0,85846,234316,45723,24276,17702,491720,251375,50514
2023-11-28 12:40:59.200362,1399,0,0,85846,234316,45723,24276,17702,491720,251375,50514
2023-11-28 12:40:59.204359,1399,0,0,85846,234316,45723,24276,17702,491720,251375,50514
2023-11-28 12:40:59.208355,-1191,0,0,85846,234316,45723,24276,17702,491720,251375,50514
2023-11-28 12:40:59.211354,2047,0,0,30133,75215,20996,7906,29767,210388,106911,33008
2023-11-28 12:40:59.215351,2047,0,0,30133,75215,20996,7906,29767,210388,106911,33008
2023-11-28 12:40:59.219349,2047,0,0,30133,75215,20996,7906,29767,210388,106911,33008
2023-11-28 12:40:59.223348,2047,0,0,30133,75215,20996,7906,29767,210388,106911,33008
2023-11-28 12:40:59.228344,2047,0,0,30133,75215,20996,7906,29767,210388,106911,33008
2023-11-28 12:40:59.231340,2047,0,0,30133,75215,20996,7906,29767,210388,106911,33008
2023-11-28 12:40:59.235338,2047,0,0,30133,75215,20996,7906,29767,210388,106911,33008
2023-11-28 12:40:59.243336,2047,0,0,30133,75215,20996,7906,29767,210388,106911,33008
2023-11-28 12:40:59.246334,-2048,0,0,30133,75215,20996,7906,29767,210388,106911,33008
2023-11-28 12:40:59.251329,-2048,0,0,30133,75215,20996,7906,29767,210388,106911,33008
2023-11-28 12:40:59.255328,-2048,0,0,30133,75215,20996,7906,29767,210388,106911,33008
2023-11-28 12:40:59.259324,-2048,0,0,30133,75215,20996,7906,29767,210388,106911,33008
2023-11-28 12:40:59.262324,-2048,0,0,30133,75215,20996,7906,29767,210388,106911,33008
2023-11-28 12:40:59.266320,-2048,0,0,30133,75215,20996,7906,29767,210388,106911,33008
2023-11-28 12:40:59.306299,-2048,0,0,30133,75215,20996,7906,29767,210388,106911,33008
2023-11-28 12:40:59.342278,2047,0,0,30133,75215,20996,7906,29767,210388,106911,33008
2023-11-28 12:40:59.344064,-2048,0,0,30133,75215,20996,7906,29767,210388,106911,33008
2023-11-28 12:40:59.349066,-1960,0,0,30133,75215,20996,7906,29767,210388,106911,33008
2023-11-28 12:40:59.353064,-1960,0,0,30133,75215,20996,7906,29767,210388,106911,33008
2023-11-28 12:40:59.360060,-1960,0,0,30133,75215,20996,7906,29767,210388,106911,33008
2023-11-28 12:40:59.365056,-1960,0,0,30133,75215,20996,7906,29767,210388,106911,33008
2023-11-28 12:40:59.368054,-1960,0,0,30133,75215,20996,7906,29767,210388,106911,33008
2023-11-28 12:40:59.372053,-1960,0,0,30133,75215,20996,7906,29767,210388,106911,33008
2023-11-28 12:40:59.376050,-1960,0,0,30133,75215,20996,7906,29767,210388,106911,33008
2023-11-28 12:40:59.380047,-2048,0,0,30133,75215,20996,7906,29767,210388,106911,33008
2023-11-28 12:40:59.384044,-2048,0,0,30133,75215,20996,7906,29767,210388,106911,33008
2023-11-28 12:40:59.387044,-2048,0,0,30133,75215,20996,7906,29767,210388,106911,33008
2023-11-28 12:40:59.392040,-2048,0,0,30133,75215,20996,7906,29767,210388,106911,33008
2023-11-28 12:40:59.395040,-2048,0,0,30133,75215,20996,7906,29767,210388,106911,33008
2023-11-28 12:40:59.399037,-2048,0,0,30133,75215,20996,7906,29767,210388,106911,33008
2023-11-28 12:40:59.406033,-2048,0,0,30133,75215,20996,7906,29767,210388,106911,33008
2023-11-28 12:40:59.411029,-2048,0,0,30133,75215,20996,7906,29767,210388,106911,33008
2023-11-28 12:40:59.415027,2047,0,0,30133,75215,20996,7906,29767,210388,106911,33008
2023-11-28 12:40:59.422025,2047,0,0,30133,75215,20996,7906,29767,210388,106911,33008
2023-11-28 12:40:59.426020,2047,0,0,30133,75215,20996,7906,29767,210388,106911,33008
2023-11-28 12:40:59.430018,2047,0,0,30133,75215,20996,7906,29767,210388,106911,33008
2023-11-28 12:40:59.434017,2047,0,0,30133,75215,20996,7906,29767,210388,106911,33008
2023-11-28 12:40:59.438016,2047,0,0,30133,75215,20996,7906,29767,210388,106911,33008
2023-11-28 12:40:59.442012,2047,0,0,30133,75215,20996,7906,29767,210388,106911,33008
2023-11-28 12:40:59.446011,2047,0,0,30133,75215,20996,7906,29767,210388,106911,33008
2023-11-28 12:40:59.450008,2047,0,0,30133,75215,20996,7906,29767,210388,106911,33008
2023-11-28 12:40:59.454006,2047,0,0,30133,75215,20996,7906,29767,210388,106911,33008
2023-11-28 12:40:59.458003,2047,0,0,30133,75215,20996,7906,29767,210388,106911,33008
2023-11-28 12:40:59.462001,2047,0,0,30133,75215,20996,7906,29767,210388,106911,33008
2023-11-28 12:40:59.465999,2047,0,0,30133,75215,20996,7906,29767,210388,106911,33008
2023-11-28 12:40:59.471999,2047,0,0,30133,75215,20996,7906,29767,210388,106911,33008
2023-11-28 12:40:59.477605,2047,0,0,30133,75215,20996,7906,29767,210388,106911,33008
2023-11-28 12:40:59.481550,-2048,0,0,30133,75215,20996,7906,29767,210388,106911,33008
2023-11-28 12:40:59.485091,-2048,0,0,30133,75215,20996,7906,29767,210388,106911,33008
2023-11-28 12:40:59.489454,-2048,0,0,30133,75215,20996,7906,29767,210388,106911,33008
2023-11-28 12:40:59.496450,-2048,0,0,30133,75215,20996,7906,29767,210388,106911,33008
2023-11-28 12:40:59.500457,-2048,0,0,30133,75215,20996,7906,29767,210388,106911,33008
2023-11-28 12:40:59.509442,-2048,0,0,30133,75215,20996,7906,29767,210388,106911,33008
2023-11-28 12:40:59.512440,-2048,0,0,30133,75215,20996,7906,29767,210388,106911,33008
2023-11-28 12:40:59.516437,-2048,0,0,30133,75215,20996,7906,29767,210388,106911,33008
2023-11-28 12:40:59.521440,2047,0,0,30133,75215,20996,7906,29767,210388,106911,33008
2023-11-28 12:40:59.524438,2047,0,0,30133,75215,20996,7906,29767,210388,106911,33008
2023-11-28 12:40:59.528430,2047,0,0,30133,75215,20996,7906,29767,210388,106911,33008
2023-11-28 12:40:59.532428,2047,0,0,30133,75215,20996,7906,29767,210388,106911,33008
2023-11-28 12:40:59.536434,2047,0,0,30133,75215,20996,7906,29767,210388,106911,33008
2023-11-28 12:40:59.540426,2047,0,0,30133,75215,20996,7906,29767,210388,106911,33008
2023-11-28 12:40:59.544422,2047,0,0,30133,75215,20996,7906,29767,210388,106911,33008
2023-11-28 12:40:59.547419,2047,0,0,30133,75215,20996,7906,29767,210388,106911,33008
2023-11-28 12:40:59.551417,2047,0,0,30133,75215,20996,7906,29767,210388,106911,33008
2023-11-28 12:40:59.555417,2047,0,0,30133,75215,20996,7906,29767,210388,106911,33008
2023-11-28 12:40:59.559414,2047,0,0,30133,75215,20996,7906,29767,210388,106911,33008
2023-11-28 12:40:59.563412,2047,0,0,30133,75215,20996,7906,29767,210388,106911,33008
2023-11-28 12:40:59.567408,2047,0,0,30133,75215,20996,7906,29767,210388,106911,33008
2023-11-28 12:40:59.571410,2047,0,0,30133,75215,20996,7906,29767,210388,106911,33008
2023-11-28 12:40:59.575405,2047,0,0,30133,75215,20996,7906,29767,210388,106911,33008
2023-11-28 12:40:59.579401,2047,0,0,30133,75215,20996,7906,29767,210388,106911,33008
2023-11-28 12:40:59.582402,-2048,0,0,30133,75215,20996,7906,29767,210388,106911,33008
2023-11-28 12:40:59.586398,-2048,0,0,30133,75215,20996,7906,29767,210388,106911,33008
2023-11-28 12:40:59.594392,-2048,0,0,30133,75215,20996,7906,29767,210388,106911,33008
2023-11-28 12:40:59.598391,-2048,0,0,30133,75215,20996,7906,29767,210388,106911,33008
2023-11-28 12:40:59.602389,-2048,0,0,30133,75215,20996,7906,29767,210388,106911,33008
2023-11-28 12:40:59.606890,-2048,0,0,30133,75215,20996,7906,29767,210388,106911,33008
2023-11-28 12:40:59.609892,-2048,0,0,30133,75215,20996,7906,29767,210388,106911,33008
2023-11-28 12:40:59.614891,-2048,0,0,30133,75215,20996,7906,29767,210388,106911,33008
2023-11-28 12:40:59.617887,-2048,0,0,30133,75215,20996,7906,29767,210388,106911,33008
2023-11-28 12:40:59.621886,-2048,0,0,30133,75215,20996,7906,29767,210388,106911,33008
2023-11-28 12:40:59.625884,-2048,0,0,30133,75215,20996,7906,29767,210388,106911,33008
2023-11-28 12:40:59.629881,-2048,0,0,30133,75215,20996,7906,29767,210388,106911,33008
2023-11-28 12:40:59.633878,-2048,0,0,30133,75215,20996,7906,29767,210388,106911,33008
2023-11-28 12:40:59.637879,-2048,0,0,30133,75215,20996,7906,29767,210388,106911,33008
2023-11-28 12:40:59.641873,-2048,0,0,30133,75215,20996,7906,29767,210388,106911,33008
2023-11-28 12:40:59.644871,-2048,0,0,30133,75215,20996,7906,29767,210388,106911,33008
2023-11-28 12:40:59.648869,-2048,0,0,30133,75215,20996,7906,29767,210388,106911,33008
2023-11-28 12:40:59.652869,2047,0,0,30133,75215,20996,7906,29767,210388,106911,33008
2023-11-28 12:40:59.657864,2047,0,0,30133,75215,20996,7906,29767,210388,106911,33008
2023-11-28 12:40:59.660862,2047,0,0,30133,75215,20996,7906,29767,210388,106911,33008
2023-11-28 12:40:59.664860,2047,0,0,30133,75215,20996,7906,29767,210388,106911,33008
2023-11-28 12:40:59.670857,2047,0,0,30133,75215,20996,7906,29767,210388,106911,33008
2023-11-28 12:40:59.676853,2047,0,0,30133,75215,20996,7906,29767,210388,106911,33008
2023-11-28 12:40:59.680851,2047,0,0,30133,75215,20996,7906,29767,210388,106911,33008
2023-11-28 12:40:59.684848,2047,0,0,30133,75215,20996,7906,29767,210388,106911,33008
2023-11-28 12:40:59.687848,2047,0,0,30133,75215,20996,7906,29767,210388,106911,33008
2023-11-28 12:40:59.692271,2047,0,0,30133,75215,20996,7906,29767,210388,106911,33008
2023-11-28 12:40:59.696269,-2048,0,0,30133,75215,20996,7906,29767,210388,106911,33008
2023-11-28 12:40:59.700266,-2048,0,0,30133,75215,20996,7906,29767,210388,106911,33008
2023-11-28 12:40:59.704266,-2048,0,0,30133,75215,20996,7906,29767,210388,106911,33008
2023-11-28 12:40:59.708264,-2048,0,0,30133,75215,20996,7906,29767,210388,106911,33008
2023-11-28 12:40:59.712260,-2048,0,0,30133,75215,20996,7906,29767,210388,106911,33008
2023-11-28 12:40:59.715257,-2048,0,0,30133,75215,20996,7906,29767,210388,106911,33008
2023-11-28 12:40:59.719259,-2048,0,0,30133,75215,20996,7906,29767,210388,106911,33008
2023-11-28 12:40:59.724255,-2048,0,0,30133,75215,20996,7906,29767,210388,106911,33008
2023-11-28 12:40:59.727259,-2048,0,0,30133,75215,20996,7906,29767,210388,106911,33008
2023-11-28 12:40:59.731248,-2048,0,0,30133,75215,20996,7906,29767,210388,106911,33008
2023-11-28 12:40:59.735246,-2048,0,0,30133,75215,20996,7906,29767,210388,106911,33008
2023-11-28 12:40:59.742243,-2048,0,0,30133,75215,20996,7906,29767,210388,106911,33008
2023-11-28 12:40:59.747239,-2048,0,0,30133,75215,20996,7906,29767,210388,106911,33008
2023-11-28 12:40:59.751237,-2048,0,0,30133,75215,20996,7906,29767,210388,106911,33008
2023-11-28 12:40:59.756235,-2048,0,0,30133,75215,20996,7906,29767,210388,106911,33008
2023-11-28 12:40:59.762231,-2048,0,0,30133,75215,20996,7906,29767,210388,106911,33008
2023-11-28 12:40:59.766230,2047,0,0,30133,75215,20996,7906,29767,210388,106911,33008
2023-11-28 12:40:59.772227,2047,0,0,30133,75215,20996,7906,29767,210388,106911,33008
2023-11-28 12:40:59.778223,2047,0,0,30133,75215,20996,7906,29767,210388,106911,33008
2023-11-28 12:40:59.782221,2047,0,0,30133,75215,20996,7906,29767,210388,106911,33008
2023-11-28 12:40:59.792215,2047,0,0,30133,75215,20996,7906,29767,210388,106911,33008
2023-11-28 12:40:59.797213,2047,0,0,30133,75215,20996,7906,29767,210388,106911,33008
2023-11-28 12:40:59.807209,2047,0,0,30133,75215,20996,7906,29767,210388,106911,33008
2023-11-28 12:40:59.813204,-2048,0,0,30133,75215,20996,7906,29767,210388,106911,33008
2023-11-28 12:40:59.817201,-2048,0,0,30133,75215,20996,7906,29767,210388,106911,33008
2023-11-28 12:40:59.822199,-2048,0,0,30133,75215,20996,7906,29767,210388,106911,33008
2023-11-28 12:40:59.829195,-2048,0,0,30133,75215,20996,7906,29767,210388,106911,33008
2023-11-28 12:40:59.833191,-2048,0,0,30133,75215,20996,7906,29767,210388,106911,33008
2023-11-28 12:40:59.838191,-2048,0,0,30133,75215,20996,7906,29767,210388,106911,33008
2023-11-28 12:40:59.844184,-2048,0,0,30133,75215,20996,7906,29767,210388,106911,33008
2023-11-28 12:40:59.848183,-2048,0,0,30133,75215,20996,7906,29767,210388,106911,33008
2023-11-28 12:40:59.854180,-2048,0,0,30133,75215,20996,7906,29767,210388,106911,33008
2023-11-28 12:40:59.861174,-2048,0,0,30133,75215,20996,7906,29767,210388,106911,33008
2023-11-28 12:40:59.864173,-2048,0,0,30133,75215,20996,7906,29767,210388,106911,33008
2023-11-28 12:40:59.868170,-2048,0,0,30133,75215,20996,7906,29767,210388,106911,33008
2023-11-28 12:40:59.872173,-2048,0,0,30133,75215,20996,7906,29767,210388,106911,33008
2023-11-28 12:40:59.876166,-1256,0,0,30133,75215,20996,7906,29767,210388,106911,33008
2023-11-28 12:40:59.880166,2047,0,0,30133,75215,20996,7906,29767,210388,106911,33008
2023-11-28 12:40:59.883161,2047,0,0,30133,75215,20996,7906,29767,210388,106911,33008
2023-11-28 12:40:59.888161,2047,0,0,30133,75215,20996,7906,29767,210388,106911,33008
2023-11-28 12:40:59.891160,2047,0,0,30133,75215,20996,7906,29767,210388,106911,33008
2023-11-28 12:40:59.895156,2047,0,0,30133,75215,20996,7906,29767,210388,106911,33008
2023-11-28 12:40:59.900153,2047,0,0,30133,75215,20996,7906,29767,210388,106911,33008
2023-11-28 12:40:59.903151,2047,0,0,30133,75215,20996,7906,29767,210388,106911,33008
2023-11-28 12:40:59.907155,2047,0,0,30133,75215,20996,7906,29767,210388,106911,33008
2023-11-28 12:40:59.911147,2047,0,0,30133,75215,20996,7906,29767,210388,106911,33008
2023-11-28 12:40:59.915143,2047,0,0,30133,75215,20996,7906,29767,210388,106911,33008
2023-11-28 12:40:59.919143,2047,0,0,30133,75215,20996,7906,29767,210388,106911,33008
2023-11-28 12:40:59.923141,2047,0,0,30133,75215,20996,7906,29767,210388,106911,33008
2023-11-28 12:40:59.927137,2047,0,0,30133,75215,20996,7906,29767,210388,106911,33008
2023-11-28 12:40:59.930136,2047,0,0,30133,75215,20996,7906,29767,210388,106911,33008
2023-11-28 12:40:59.934133,2047,0,0,30133,75215,20996,7906,29767,210388,106911,33008
2023-11-28 12:40:59.938133,2047,0,0,30133,75215,20996,7906,29767,210388,106911,33008
2023-11-28 12:40:59.942129,-2048,0,0,30133,75215,20996,7906,29767,210388,106911,33008
2023-11-28 12:40:59.946125,-2048,0,0,30133,75215,20996,7906,29767,210388,106911,33008
2023-11-28 12:40:59.950125,-2048,0,0,30133,75215,20996,7906,29767,210388,106911,33008
2023-11-28 12:40:59.954124,-2048,0,0,30133,75215,20996,7906,29767,210388,106911,33008
2023-11-28 12:40:59.958121,-2048,0,0,30133,75215,20996,7906,29767,210388,106911,33008
2023-11-28 12:40:59.962117,-2048,0,0,30133,75215,20996,7906,29767,210388,106911,33008
2023-11-28 12:40:59.966115,-2048,0,0,30133,75215,20996,7906,29767,210388,106911,33008
2023-11-28 12:40:59.969115,-2048,0,0,30133,75215,20996,7906,29767,210388,106911,33008
2023-11-28 12:40:59.974115,-2048,0,0,30133,75215,20996,7906,29767,210388,106911,33008
2023-11-28 12:40:59.977109,-2048,0,0,30133,75215,20996,7906,29767,210388,106911,33008
2023-11-28 12:40:59.981105,-2048,0,0,30133,75215,20996,7906,29767,210388,106911,33008
2023-11-28 12:40:59.985103,-2048,0,0,30133,75215,20996,7906,29767,210388,106911,33008
2023-11-28 12:40:59.989102,-2048,0,0,30133,75215,20996,7906,29767,210388,106911,33008
2023-11-28 12:40:59.993099,-2048,0,0,30133,75215,20996,7906,29767,210388,106911,33008
2023-11-28 12:40:59.997096,-2048,0,0,30133,75215,20996,7906,29767,210388,106911,33008
2023-11-28 12:41:00.001095,-2048,0,0,30133,75215,20996,7906,29767,210388,106911,33008
2023-11-28 12:41:00.006096,-2048,0,0,30133,75215,20996,7906,29767,210388,106911,33008
2023-11-28 12:41:00.020085,2047,0,0,30133,75215,20996,7906,29767,210388,106911,33008
2023-11-28 12:41:00.025082,2047,0,0,30133,75215,20996,7906,29767,210388,106911,33008
2023-11-28 12:41:00.028083,2047,0,0,30133,75215,20996,7906,29767,210388,106911,33008
2023-11-28 12:41:00.032078,2047,0,0,30133,75215,20996,7906,29767,210388,106911,33008
2023-11-28 12:41:00.036076,2047,0,0,30133,75215,20996,7906,29767,210388,106911,33008
2023-11-28 12:41:00.044075,2047,0,0,30133,75215,20996,7906,29767,210388,106911,33008
2023-11-28 12:41:00.048067,-2048,0,0,30133,75215,20996,7906,29767,210388,106911,33008
2023-11-28 12:41:00.052066,-2048,0,0,30133,75215,20996,7906,29767,210388,106911,33008
2023-11-28 12:41:00.056066,-2048,0,0,30133,75215,20996,7906,29767,210388,106911,33008
2023-11-28 12:41:00.060061,-2048,0,0,30133,75215,20996,7906,29767,210388,106911,33008
2023-11-28 12:41:00.063061,-2048,0,0,30133,75215,20996,7906,29767,210388,106911,33008
2023-11-28 12:41:00.067056,-2048,0,0,30133,75215,20996,7906,29767,210388,106911,33008
2023-11-28 12:41:00.071056,-2048,0,0,30133,75215,20996,7906,29767,210388,106911,33008
2023-11-28 12:41:00.075053,2047,0,0,30133,75215,20996,7906,29767,210388,106911,33008
2023-11-28 12:41:00.079049,-2048,0,0,30133,75215,20996,7906,29767,210388,106911,33008
2023-11-28 12:41:00.083047,-2048,0,0,30133,75215,20996,7906,29767,210388,106911,33008
2023-11-28 12:41:00.087048,-2048,0,0,30133,75215,20996,7906,29767,210388,106911,33008
2023-11-28 12:41:00.091043,-2048,0,0,30133,75215,20996,7906,29767,210388,106911,33008
2023-11-28 12:41:00.095042,-2048,0,0,30133,75215,20996,7906,29767,210388,106911,33008
2023-11-28 12:41:00.098039,-2048,0,0,30133,75215,20996,7906,29767,210388,106911,33008
2023-11-28 12:41:00.102037,-2048,0,0,30133,75215,20996,7906,29767,210388,106911,33008
2023-11-28 12:41:00.107034,-2048,0,0,30133,75215,20996,7906,29767,210388,106911,33008
2023-11-28 12:41:00.110032,2047,0,0,30133,75215,20996,7906,29767,210388,106911,33008
2023-11-28 12:41:00.114031,2047,0,0,30133,75215,20996,7906,29767,210388,106911,33008
2023-11-28 12:41:00.118028,2047,0,0,30133,75215,20996,7906,29767,210388,106911,33008
2023-11-28 12:41:00.122026,2047,0,0,30133,75215,20996,7906,29767,210388,106911,33008
2023-11-28 12:41:00.126023,2047,0,0,30133,75215,20996,7906,29767,210388,106911,33008
2023-11-28 12:41:00.130020,2047,0,0,30133,75215,20996,7906,29767,210388,106911,33008
2023-11-28 12:41:00.134020,2047,0,0,30133,75215,20996,7906,29767,210388,106911,33008
2023-11-28 12:41:00.137018,2047,0,0,30133,75215,20996,7906,29767,210388,106911,33008
2023-11-28 12:41:00.142015,-2048,0,0,30133,75215,20996,7906,29767,210388,106911,33008
2023-11-28 12:41:00.145012,2047,0,0,30133,75215,20996,7906,29767,210388,106911,33008
2023-11-28 12:41:00.149010,2047,0,0,30133,75215,20996,7906,29767,210388,106911,33008
2023-11-28 12:41:00.153010,2047,0,0,30133,75215,20996,7906,29767,210388,106911,33008
2023-11-28 12:41:00.156654,2047,0,0,30133,75215,20996,7906,29767,210388,106911,33008
2023-11-28 12:41:00.160512,2047,0,0,30133,75215,20996,7906,29767,210388,106911,33008
2023-11-28 12:41:00.164368,2047,0,0,30133,75215,20996,7906,29767,210388,106911,33008
2023-11-28 12:41:00.168297,2047,0,0,30133,75215,20996,7906,29767,210388,106911,33008
2023-11-28 12:41:00.172317,2047,0,0,30133,75215,20996,7906,29767,210388,106911,33008
2023-11-28 12:41:00.176298,-2048,0,0,30133,75215,20996,7906,29767,210388,106911,33008
2023-11-28 12:41:00.180335,-2048,0,0,30133,75215,20996,7906,29767,210388,106911,33008
2023-11-28 12:41:00.183959,-2048,0,0,30133,75215,20996,7906,29767,210388,106911,33008
2023-11-28 12:41:00.187960,-2048,0,0,30133,75215,20996,7906,29767,210388,106911,33008
2023-11-28 12:41:00.191862,-2048,0,0,30133,75215,20996,7906,29767,210388,106911,33008
2023-11-28 12:41:00.195906,-2048,0,0,30133,75215,20996,7906,29767,210388,106911,33008
2023-11-28 12:41:00.199530,-2048,0,0,30133,75215,20996,7906,29767,210388,106911,33008
2023-11-28 12:41:00.204014,-2048,0,0,30133,75215,20996,7906,29767,210388,106911,33008
2023-11-28 12:41:00.208066,-2048,0,0,30133,75215,20996,7906,29767,210388,106911,33008
2023-11-28 12:41:00.211588,-2048,0,0,30133,75215,20996,7906,29767,210388,106911,33008
2023-11-28 12:41:00.215295,-23,0,0,79875,17903,5259,2582,3045,18619,8115,1803
2023-11-28 12:41:00.218852,-23,0,0,79875,17903,5259,2582,3045,18619,8115,1803
2023-11-28 12:41:00.223871,-23,0,0,79875,17903,5259,2582,3045,18619,8115,1803
2023-11-28 12:41:00.227906,-23,0,0,79875,17903,5259,2582,3045,18619,8115,1803
2023-11-28 12:41:00.230781,-23,0,0,79875,17903,5259,2582,3045,18619,8115,1803
2023-11-28 12:41:00.234794,-23,0,0,79875,17903,5259,2582,3045,18619,8115,1803
2023-11-28 12:41:00.238818,-23,0,0,79875,17903,5259,2582,3045,18619,8115,1803
2023-11-28 12:41:00.243835,-23,0,0,79875,17903,5259,2582,3045,18619,8115,1803
2023-11-28 12:41:00.247347,-2048,0,0,79875,17903,5259,2582,3045,18619,8115,1803
2023-11-28 12:41:00.251162,-2048,0,0,79875,17903,5259,2582,3045,18619,8115,1803
2023-11-28 12:41:00.255124,-2048,0,0,79875,17903,5259,2582,3045,18619,8115,1803
2023-11-28 12:41:00.259148,-2048,0,0,79875,17903,5259,2582,3045,18619,8115,1803
2023-11-28 12:41:00.261853,-2048,0,0,79875,17903,5259,2582,3045,18619,8115,1803
2023-11-28 12:41:00.266072,-2048,0,0,79875,17903,5259,2582,3045,18619,8115,1803
2023-11-28 12:41:00.270860,-2048,0,0,79875,17903,5259,2582,3045,18619,8115,1803
2023-11-28 12:41:00.274879,-2048,0,0,79875,17903,5259,2582,3045,18619,8115,1803
2023-11-28 12:41:00.278835,-2048,0,0,79875,17903,5259,2582,3045,18619,8115,1803
2023-11-28 12:41:00.282419,1415,0,0,79875,17903,5259,2582,3045,18619,8115,1803
2023-11-28 12:41:00.285342,1415,0,0,79875,17903,5259,2582,3045,18619,8115,1803
2023-11-28 12:41:00.290380,1415,0,0,79875,17903,5259,2582,3045,18619,8115,1803
2023-11-28 12:41:00.293332,1415,0,0,79875,17903,5259,2582,3045,18619,8115,1803
2023-11-28 12:41:00.297142,1415,0,0,79875,17903,5259,2582,3045,18619,8115,1803
2023-11-28 12:41:00.301367,1415,0,0,79875,17903,5259,2582,3045,18619,8115,1803
2023-11-28 12:41:00.305370,1415,0,0,79875,17903,5259,2582,3045,18619,8115,1803
2023-11-28 12:41:00.309392,1415,0,0,79875,17903,5259,2582,3045,18619,8115,1803
2023-11-28 12:41:00.313011,2047,0,0,79875,17903,5259,2582,3045,18619,8115,1803
2023-11-28 12:41:00.316654,2047,0,0,79875,17903,5259,2582,3045,18619,8115,1803
2023-11-28 12:41:00.320974,2047,0,0,79875,17903,5259,2582,3045,18619,8115,1803
2023-11-28 12:41:00.324883,2047,0,0,79875,17903,5259,2582,3045,18619,8115,1803
2023-11-28 12:41:00.328364,2047,0,0,79875,17903,5259,2582,3045,18619,8115,1803
2023-11-28 12:41:00.332188,2047,0,0,79875,17903,5259,2582,3045,18619,8115,1803
2023-11-28 12:41:00.337190,2047,0,0,79875,17903,5259,2582,3045,18619,8115,1803
2023-11-28 12:41:00.341205,2047,0,0,79875,17903,5259,2582,3045,18619,8115,1803
2023-11-28 12:41:00.344297,-680,0,0,79875,17903,5259,2582,3045,18619,8115,1803
2023-11-28 12:41:00.347914,-680,0,0,79875,17903,5259,2582,3045,18619,8115,1803
2023-11-28 12:41:00.352076,-680,0,0,79875,17903,5259,2582,3045,18619,8115,1803
2023-11-28 12:41:00.357040,-680,0,0,79875,17903,5259,2582,3045,18619,8115,1803
2023-11-28 12:41:00.359624,-680,0,0,79875,17903,5259,2582,3045,18619,8115,1803
2023-11-28 12:41:00.363856,-680,0,0,79875,17903,5259,2582,3045,18619,8115,1803
2023-11-28 12:41:00.367777,-680,0,0,79875,17903,5259,2582,3045,18619,8115,1803
2023-11-28 12:41:00.371781,-680,0,0,79875,17903,5259,2582,3045,18619,8115,1803
2023-11-28 12:41:00.376257,-2048,0,0,79875,17903,5259,2582,3045,18619,8115,1803
2023-11-28 12:41:00.379161,-2048,0,0,79875,17903,5259,2582,3045,18619,8115,1803
2023-11-28 12:41:00.383388,-2048,0,0,79875,17903,5259,2582,3045,18619,8115,1803
2023-11-28 12:41:00.387792,-2048,0,0,79875,17903,5259,2582,3045,18619,8115,1803
2023-11-28 12:41:00.391274,-2048,0,0,79875,17903,5259,2582,3045,18619,8115,1803
2023-11-28 12:41:00.394782,-2048,0,0,79875,17903,5259,2582,3045,18619,8115,1803
2023-11-28 12:41:00.399017,-2048,0,0,79875,17903,5259,2582,3045,18619,8115,1803
2023-11-28 12:41:00.402918,-2048,0,0,79875,17903,5259,2582,3045,18619,8115,1803
2023-11-28 12:41:00.406952,1818,0,0,79875,17903,5259,2582,3045,18619,8115,1803
2023-11-28 12:41:00.410428,1818,0,0,79875,17903,5259,2582,3045,18619,8115,1803
2023-11-28 12:41:00.414650,1818,0,0,79875,17903,5259,2582,3045,18619,8115,1803
2023-11-28 12:41:00.418254,1818,0,0,79875,17903,5259,2582,3045,18619,8115,1803
2023-11-28 12:41:00.423257,2047,0,0,79875,17903,5259,2582,3045,18619,8115,1803
2023-11-28 12:41:00.426381,2047,0,0,79875,17903,5259,2582,3045,18619,8115,1803
2023-11-28 12:41:00.430393,2047,0,0,79875,17903,5259,2582,3045,18619,8115,1803
2023-11-28 12:41:00.433863,2047,0,0,79875,17903,5259,2582,3045,18619,8115,1803
2023-11-28 12:41:00.438188,2047,0,0,79875,17903,5259,2582,3045,18619,8115,1803
2023-11-28 12:41:00.442812,2047,0,0,79875,17903,5259,2582,3045,18619,8115,1803
2023-11-28 12:41:00.445565,2047,0,0,79875,17903,5259,2582,3045,18619,8115,1803
2023-11-28 12:41:00.449812,2047,0,0,79875,17903,5259,2582,3045,18619,8115,1803
2023-11-28 12:41:00.454206,2047,0,0,79875,17903,5259,2582,3045,18619,8115,1803
2023-11-28 12:41:00.458236,-1283,0,0,79875,17903,5259,2582,3045,18619,8115,1803
2023-11-28 12:41:00.461171,-1283,0,0,79875,17903,5259,2582,3045,18619,8115,1803
2023-11-28 12:41:00.465092,-1283,0,0,79875,17903,5259,2582,3045,18619,8115,1803
2023-11-28 12:41:00.469333,-1283,0,0,79875,17903,5259,2582,3045,18619,8115,1803
2023-11-28 12:41:00.473329,-1283,0,0,79875,17903,5259,2582,3045,18619,8115,1803
2023-11-28 12:41:00.477279,-1283,0,0,79875,17903,5259,2582,3045,18619,8115,1803
2023-11-28 12:41:00.480742,-1283,0,0,79875,17903,5259,2582,3045,18619,8115,1803
2023-11-28 12:41:00.484968,-1283,0,0,79875,17903,5259,2582,3045,18619,8115,1803
2023-11-28 12:41:00.489981,-2048,0,0,79875,17903,5259,2582,3045,18619,8115,1803
2023-11-28 12:41:00.493000,-2048,0,0,79875,17903,5259,2582,3045,18619,8115,1803
2023-11-28 12:41:00.496376,-2048,0,0,79875,17903,5259,2582,3045,18619,8115,1803
2023-11-28 12:41:00.500255,-2048,0,0,79875,17903,5259,2582,3045,18619,8115,1803
2023-11-28 12:41:00.504683,-2048,0,0,79875,17903,5259,2582,3045,18619,8115,1803
2023-11-28 12:41:00.508225,-2048,0,0,79875,17903,5259,2582,3045,18619,8115,1803
2023-11-28 12:41:00.511991,-2048,0,0,79875,17903,5259,2582,3045,18619,8115,1803
2023-11-28 12:41:00.515902,-2048,0,0,79875,17903,5259,2582,3045,18619,8115,1803
2023-11-28 12:41:00.520949,2047,0,0,79875,17903,5259,2582,3045,18619,8115,1803
2023-11-28 12:41:00.524173,2047,0,0,79875,17903,5259,2582,3045,18619,8115,1803
2023-11-28 12:41:00.527824,2047,0,0,79875,17903,5259,2582,3045,18619,8115,1803
2023-11-28 12:41:00.531830,2047,0,0,79875,17903,5259,2582,3045,18619,8115,1803
2023-11-28 12:41:00.536540,2047,0,0,79875,17903,5259,2582,3045,18619,8115,1803
2023-11-28 12:41:00.539541,2047,0,0,79875,17903,5259,2582,3045,18619,8115,1803
2023-11-28 12:41:00.543760,2047,0,0,79875,17903,5259,2582,3045,18619,8115,1803
2023-11-28 12:41:00.547126,2047,0,0,79875,17903,5259,2582,3045,18619,8115,1803
2023-11-28 12:41:00.551848,2047,0,0,79875,17903,5259,2582,3045,18619,8115,1803
2023-11-28 12:41:00.555833,2047,0,0,79875,17903,5259,2582,3045,18619,8115,1803
2023-11-28 12:41:00.559207,2047,0,0,79875,17903,5259,2582,3045,18619,8115,1803
2023-11-28 12:41:00.562973,-1908,0,0,79875,17903,5259,2582,3045,18619,8115,1803
2023-11-28 12:41:00.567374,-1908,0,0,79875,17903,5259,2582,3045,18619,8115,1803
2023-11-28 12:41:00.570713,-1908,0,0,79875,17903,5259,2582,3045,18619,8115,1803
2023-11-28 12:41:00.574947,-1908,0,0,79875,17903,5259,2582,3045,18619,8115,1803
2023-11-28 12:41:00.578381,-1908,0,0,79875,17903,5259,2582,3045,18619,8115,1803
2023-11-28 12:41:00.583087,-1908,0,0,79875,17903,5259,2582,3045,18619,8115,1803
2023-11-28 12:41:00.586568,-1908,0,0,79875,17903,5259,2582,3045,18619,8115,1803
2023-11-28 12:41:00.590567,-2048,0,0,79875,17903,5259,2582,3045,18619,8115,1803
2023-11-28 12:41:00.594589,-2048,0,0,79875,17903,5259,2582,3045,18619,8115,1803
2023-11-28 12:41:00.598340,-2048,0,0,79875,17903,5259,2582,3045,18619,8115,1803
2023-11-28 12:41:00.602337,-2048,0,0,79875,17903,5259,2582,3045,18619,8115,1803
2023-11-28 12:41:00.607335,-2048,0,0,79875,17903,5259,2582,3045,18619,8115,1803
2023-11-28 12:41:00.610332,-2048,0,0,79875,17903,5259,2582,3045,18619,8115,1803
2023-11-28 12:41:00.613934,-2048,0,0,79875,17903,5259,2582,3045,18619,8115,1803
2023-11-28 12:41:00.617471,-2048,0,0,79875,17903,5259,2582,3045,18619,8115,1803
2023-11-28 12:41:00.622497,-2048,0,0,79875,17903,5259,2582,3045,18619,8115,1803
2023-11-28 12:41:00.625600,-2048,0,0,79875,17903,5259,2582,3045,18619,8115,1803
2023-11-28 12:41:00.629984,2047,0,0,79875,17903,5259,2582,3045,18619,8115,1803
2023-11-28 12:41:00.633062,2047,0,0,79875,17903,5259,2582,3045,18619,8115,1803
2023-11-28 12:41:00.637497,2047,0,0,79875,17903,5259,2582,3045,18619,8115,1803
2023-11-28 12:41:00.641259,2047,0,0,79875,17903,5259,2582,3045,18619,8115,1803
2023-11-28 12:41:00.645567,2047,0,0,79875,17903,5259,2582,3045,18619,8115,1803
2023-11-28 12:41:00.648721,2047,0,0,79875,17903,5259,2582,3045,18619,8115,1803
2023-11-28 12:41:00.652476,2047,0,0,79875,17903,5259,2582,3045,18619,8115,1803
2023-11-28 12:41:00.656982,2047,0,0,79875,17903,5259,2582,3045,18619,8115,1803
2023-11-28 12:41:00.660375,2047,0,0,79875,17903,5259,2582,3045,18619,8115,1803
2023-11-28 12:41:00.664765,2047,0,0,79875,17903,5259,2582,3045,18619,8115,1803
2023-11-28 12:41:00.668564,2047,0,0,79875,17903,5259,2582,3045,18619,8115,1803
2023-11-28 12:41:00.673604,2047,0,0,79875,17903,5259,2582,3045,18619,8115,1803
2023-11-28 12:41:00.676582,2047,0,0,79875,17903,5259,2582,3045,18619,8115,1803
2023-11-28 12:41:00.680654,2047,0,0,79875,17903,5259,2582,3045,18619,8115,1803
2023-11-28 12:41:00.684181,2047,0,0,79875,17903,5259,2582,3045,18619,8115,1803
2023-11-28 12:41:00.688183,2047,0,0,79875,17903,5259,2582,3045,18619,8115,1803
2023-11-28 12:41:00.692543,-1157,0,0,79875,17903,5259,2582,3045,18619,8115,1803
2023-11-28 12:41:00.695627,-2048,0,0,79875,17903,5259,2582,3045,18619,8115,1803
2023-11-28 12:41:00.699745,-2048,0,0,79875,17903,5259,2582,3045,18619,8115,1803
2023-11-28 12:41:00.704206,-2048,0,0,79875,17903,5259,2582,3045,18619,8115,1803
2023-11-28 12:41:00.708268,-2048,0,0,79875,17903,5259,2582,3045,18619,8115,1803
2023-11-28 12:41:00.711224,-2048,0,0,79875,17903,5259,2582,3045,18619,8115,1803
2023-11-28 12:41:00.715126,-2048,0,0,79875,17903,5259,2582,3045,18619,8115,1803
2023-11-28 12:41:00.718872,-2048,0,0,79875,17903,5259,2582,3045,18619,8115,1803
2023-11-28 12:41:00.723876,-2048,0,0,79875,17903,5259,2582,3045,18619,8115,1803
2023-11-28 12:41:00.726881,-2048,0,0,79875,17903,5259,2582,3045,18619,8115,1803
2023-11-28 12:41:00.730976,-2048,0,0,79875,17903,5259,2582,3045,18619,8115,1803
2023-11-28 12:41:00.734624,-2048,0,0,79875,17903,5259,2582,3045,18619,8115,1803
2023-11-28 12:41:00.739626,2047,0,0,79875,17903,5259,2582,3045,18619,8115,1803
2023-11-28 12:41:00.742369,2047,0,0,79875,17903,5259,2582,3045,18619,8115,1803
2023-11-28 12:41:00.746611,2047,0,0,79875,17903,5259,2582,3045,18619,8115,1803
2023-11-28 12:41:00.750285,2047,0,0,79875,17903,5259,2582,3045,18619,8115,1803
2023-11-28 12:41:00.754641,2047,0,0,79875,17903,5259,2582,3045,18619,8115,1803
2023-11-28 12:41:00.758478,2047,0,0,79875,17903,5259,2582,3045,18619,8115,1803
2023-11-28 12:41:00.761972,2047,0,0,79875,17903,5259,2582,3045,18619,8115,1803
2023-11-28 12:41:00.765904,2047,0,0,79875,17903,5259,2582,3045,18619,8115,1803
2023-11-28 12:41:00.770228,2047,0,0,79875,17903,5259,2582,3045,18619,8115,1803
2023-11-28 12:41:00.773927,2047,0,0,79875,17903,5259,2582,3045,18619,8115,1803
2023-11-28 12:41:00.777614,2047,0,0,79875,17903,5259,2582,3045,18619,8115,1803
2023-11-28 12:41:00.781838,2047,0,0,79875,17903,5259,2582,3045,18619,8115,1803
2023-11-28 12:41:00.786042,2047,0,0,79875,17903,5259,2582,3045,18619,8115,1803
2023-11-28 12:41:00.790234,2047,0,0,79875,17903,5259,2582,3045,18619,8115,1803
2023-11-28 12:41:00.793220,2047,0,0,79875,17903,5259,2582,3045,18619,8115,1803
2023-11-28 12:41:00.797459,2047,0,0,79875,17903,5259,2582,3045,18619,8115,1803
2023-11-28 12:41:00.801479,2047,0,0,79875,17903,5259,2582,3045,18619,8115,1803
2023-11-28 12:41:00.805152,-2048,0,0,79875,17903,5259,2582,3045,18619,8115,1803
2023-11-28 12:41:00.808913,-2048,0,0,79875,17903,5259,2582,3045,18619,8115,1803
2023-11-28 12:41:00.812785,-2048,0,0,79875,17903,5259,2582,3045,18619,8115,1803
2023-11-28 12:41:00.817518,-2048,0,0,79875,17903,5259,2582,3045,18619,8115,1803
2023-11-28 12:41:00.821417,-2048,0,0,79875,17903,5259,2582,3045,18619,8115,1803
2023-11-28 12:41:00.824975,-2048,0,0,79875,17903,5259,2582,3045,18619,8115,1803
2023-11-28 12:41:00.828402,-2048,0,0,79875,17903,5259,2582,3045,18619,8115,1803
2023-11-28 12:41:00.832713,-2048,0,0,79875,17903,5259,2582,3045,18619,8115,1803
2023-11-28 12:41:00.837153,-2048,0,0,79875,17903,5259,2582,3045,18619,8115,1803
2023-11-28 12:41:00.840320,-2048,0,0,79875,17903,5259,2582,3045,18619,8115,1803
2023-11-28 12:41:00.843982,-2048,0,0,79875,17903,5259,2582,3045,18619,8115,1803
2023-11-28 12:41:00.848313,-2048,0,0,79875,17903,5259,2582,3045,18619,8115,1803
2023-11-28 12:41:00.851793,-2048,0,0,79875,17903,5259,2582,3045,18619,8115,1803
2023-11-28 12:41:00.856829,-2048,0,0,79875,17903,5259,2582,3045,18619,8115,1803
2023-11-28 12:41:00.859936,-2048,0,0,79875,17903,5259,2582,3045,18619,8115,1803
2023-11-28 12:41:00.863742,-2048,0,0,79875,17903,5259,2582,3045,18619,8115,1803
2023-11-28 12:41:00.867437,2047,0,0,79875,17903,5259,2582,3045,18619,8115,1803
2023-11-28 12:41:00.872140,2047,0,0,79875,17903,5259,2582,3045,18619,8115,1803
2023-11-28 12:41:00.875788,2047,0,0,79875,17903,5259,2582,3045,18619,8115,1803
2023-11-28 12:41:00.879205,2047,0,0,79875,17903,5259,2582,3045,18619,8115,1803
2023-11-28 12:41:00.883339,2047,0,0,79875,17903,5259,2582,3045,18619,8115,1803
2023-11-28 12:41:00.887803,2047,0,0,79875,17903,5259,2582,3045,18619,8115,1803
2023-11-28 12:41:00.892055,2047,0,0,79875,17903,5259,2582,3045,18619,8115,1803
2023-11-28 12:41:00.896052,2047,0,0,79875,17903,5259,2582,3045,18619,8115,1803
2023-11-28 12:41:00.899420,2047,0,0,79875,17903,5259,2582,3045,18619,8115,1803
2023-11-28 12:41:00.902896,2047,0,0,79875,17903,5259,2582,3045,18619,8115,1803
2023-11-28 12:41:00.906718,2047,0,0,79875,17903,5259,2582,3045,18619,8115,1803
2023-11-28 12:41:00.910342,2047,0,0,79875,17903,5259,2582,3045,18619,8115,1803
2023-11-28 12:41:00.914278,2047,0,0,79875,17903,5259,2582,3045,18619,8115,1803
2023-11-28 12:41:00.918492,2047,0,0,79875,17903,5259,2582,3045,18619,8115,1803
2023-11-28 12:41:00.923492,2047,0,0,79875,17903,5259,2582,3045,18619,8115,1803
2023-11-28 12:41:00.926567,2047,0,0,79875,17903,5259,2582,3045,18619,8115,1803
2023-11-28 12:41:00.930231,2047,0,0,79875,17903,5259,2582,3045,18619,8115,1803
2023-11-28 12:41:00.934130,-2048,0,0,79875,17903,5259,2582,3045,18619,8115,1803
2023-11-28 12:41:00.938470,-2048,0,0,79875,17903,5259,2582,3045,18619,8115,1803
2023-11-28 12:41:00.942122,-2048,0,0,79875,17903,5259,2582,3045,18619,8115,1803
2023-11-28 12:41:00.945847,-2048,0,0,79875,17903,5259,2582,3045,18619,8115,1803
2023-11-28 12:41:00.949444,-2048,0,0,79875,17903,5259,2582,3045,18619,8115,1803
2023-11-28 12:41:00.953485,-2048,0,0,79875,17903,5259,2582,3045,18619,8115,1803
2023-11-28 12:41:00.957555,-2048,0,0,79875,17903,5259,2582,3045,18619,8115,1803
2023-11-28 12:41:00.961467,-2048,0,0,79875,17903,5259,2582,3045,18619,8115,1803
2023-11-28 12:41:00.965081,-2048,0,0,79875,17903,5259,2582,3045,18619,8115,1803
2023-11-28 12:41:00.969651,2047,0,0,79875,17903,5259,2582,3045,18619,8115,1803
2023-11-28 12:41:00.973676,2047,0,0,79875,17903,5259,2582,3045,18619,8115,1803
2023-11-28 12:41:00.977142,2047,0,0,79875,17903,5259,2582,3045,18619,8115,1803
2023-11-28 12:41:00.980752,2047,0,0,79875,17903,5259,2582,3045,18619,8115,1803
2023-11-28 12:41:00.984633,2047,0,0,79875,17903,5259,2582,3045,18619,8115,1803
2023-11-28 12:41:00.989661,2047,0,0,79875,17903,5259,2582,3045,18619,8115,1803
2023-11-28 12:41:00.992535,2047,0,0,79875,17903,5259,2582,3045,18619,8115,1803
2023-11-28 12:41:00.996380,2047,0,0,79875,17903,5259,2582,3045,18619,8115,1803
2023-11-28 12:41:01.000373,2047,0,0,79875,17903,5259,2582,3045,18619,8115,1803
2023-11-28 12:41:01.004366,2047,0,0,79875,17903,5259,2582,3045,18619,8115,1803
2023-11-28 12:41:01.009259,2047,0,0,79875,17903,5259,2582,3045,18619,8115,1803
2023-11-28 12:41:01.011986,2047,0,0,79875,17903,5259,2582,3045,18619,8115,1803
2023-11-28 12:41:01.016521,2047,0,0,79875,17903,5259,2582,3045,18619,8115,1803
2023-11-28 12:41:01.020397,2047,0,0,79875,17903,5259,2582,3045,18619,8115,1803
2023-11-28 12:41:01.024461,2047,0,0,79875,17903,5259,2582,3045,18619,8115,1803
2023-11-28 12:41:01.027894,2047,0,0,79875,17903,5259,2582,3045,18619,8115,1803
2023-11-28 12:41:01.031420,2047,0,0,79875,17903,5259,2582,3045,18619,8115,1803
2023-11-28 12:41:01.036422,2047,0,0,79875,17903,5259,2582,3045,18619,8115,1803
2023-11-28 12:41:01.040425,2047,0,0,79875,17903,5259,2582,3045,18619,8115,1803
2023-11-28 12:41:01.044087,2047,0,0,79875,17903,5259,2582,3045,18619,8115,1803
2023-11-28 12:41:01.048084,2047,0,0,79875,17903,5259,2582,3045,18619,8115,1803
2023-11-28 12:41:01.052085,2047,0,0,79875,17903,5259,2582,3045,18619,8115,1803
2023-11-28 12:41:01.055082,2047,0,0,79875,17903,5259,2582,3045,18619,8115,1803
2023-11-28 12:41:01.060077,2047,0,0,79875,17903,5259,2582,3045,18619,8115,1803
2023-11-28 12:41:01.064097,-2048,0,0,79875,17903,5259,2582,3045,18619,8115,1803
2023-11-28 12:41:01.067076,-2048,0,0,79875,17903,5259,2582,3045,18619,8115,1803
2023-11-28 12:41:01.071075,-2048,0,0,79875,17903,5259,2582,3045,18619,8115,1803
2023-11-28 12:41:01.075069,-2048,0,0,79875,17903,5259,2582,3045,18619,8115,1803
2023-11-28 12:41:01.078535,-2048,0,0,79875,17903,5259,2582,3045,18619,8115,1803
2023-11-28 12:41:01.082901,-2048,0,0,79875,17903,5259,2582,3045,18619,8115,1803
2023-11-28 12:41:01.086158,-2048,0,0,79875,17903,5259,2582,3045,18619,8115,1803
2023-11-28 12:41:01.090185,-2048,0,0,79875,17903,5259,2582,3045,18619,8115,1803
2023-11-28 12:41:01.094367,-2048,0,0,79875,17903,5259,2582,3045,18619,8115,1803
2023-11-28 12:41:01.097940,-2048,0,0,79875,17903,5259,2582,3045,18619,8115,1803
2023-11-28 12:41:01.102156,2047,0,0,79875,17903,5259,2582,3045,18619,8115,1803
2023-11-28 12:41:01.106154,-2048,0,0,79875,17903,5259,2582,3045,18619,8115,1803
2023-11-28 12:41:01.109890,2047,0,0,79875,17903,5259,2582,3045,18619,8115,1803
2023-11-28 12:41:01.114051,2047,0,0,79875,17903,5259,2582,3045,18619,8115,1803
2023-11-28 12:41:01.117397,2047,0,0,79875,17903,5259,2582,3045,18619,8115,1803
2023-11-28 12:41:01.121723,2047,0,0,79875,17903,5259,2582,3045,18619,8115,1803
2023-11-28 12:41:01.125524,2047,0,0,79875,17903,5259,2582,3045,18619,8115,1803
2023-11-28 12:41:01.129379,2047,0,0,79875,17903,5259,2582,3045,18619,8115,1803
2023-11-28 12:41:01.132970,2047,0,0,79875,17903,5259,2582,3045,18619,8115,1803
2023-11-28 12:41:01.137398,-2048,0,0,79875,17903,5259,2582,3045,18619,8115,1803
2023-11-28 12:41:01.141415,2047,0,0,79875,17903,5259,2582,3045,18619,8115,1803
2023-11-28 12:41:01.145088,-2048,0,0,79875,17903,5259,2582,3045,18619,8115,1803
2023-11-28 12:41:01.148672,-2048,0,0,79875,17903,5259,2582,3045,18619,8115,1803
2023-11-28 12:41:01.153441,-2048,0,0,79875,17903,5259,2582,3045,18619,8115,1803
2023-11-28 12:41:01.157441,-2048,0,0,79875,17903,5259,2582,3045,18619,8115,1803
2023-11-28 12:41:01.161435,-2048,0,0,79875,17903,5259,2582,3045,18619,8115,1803
2023-11-28 12:41:01.164436,-2048,0,0,79875,17903,5259,2582,3045,18619,8115,1803
2023-11-28 12:41:01.168452,-2048,0,0,79875,17903,5259,2582,3045,18619,8115,1803
2023-11-28 12:41:01.172430,-2048,0,0,79875,17903,5259,2582,3045,18619,8115,1803
2023-11-28 12:41:01.176426,-2048,0,0,79875,17903,5259,2582,3045,18619,8115,1803
2023-11-28 12:41:01.180446,-2048,0,0,79875,17903,5259,2582,3045,18619,8115,1803
2023-11-28 12:41:01.184443,-2048,0,0,79875,17903,5259,2582,3045,18619,8115,1803
2023-11-28 12:41:01.188421,-2048,0,0,79875,17903,5259,2582,3045,18619,8115,1803
2023-11-28 12:41:01.192422,-2048,0,0,79875,17903,5259,2582,3045,18619,8115,1803
2023-11-28 12:41:01.196415,-2048,0,0,79875,17903,5259,2582,3045,18619,8115,1803
2023-11-28 12:41:01.200435,-2048,0,0,79875,17903,5259,2582,3045,18619,8115,1803
2023-11-28 12:41:01.204412,-2048,0,0,79875,17903,5259,2582,3045,18619,8115,1803
2023-11-28 12:41:01.208412,-2048,0,0,79875,17903,5259,2582,3045,18619,8115,1803
2023-11-28 12:41:01.211428,-2048,0,0,57479,117481,13957,5781,22253,193882,59179,11884
2023-11-28 12:41:01.215426,-2048,0,0,57479,117481,13957,5781,22253,193882,59179,11884
2023-11-28 12:41:01.219404,-2048,0,0,57479,117481,13957,5781,22253,193882,59179,11884
2023-11-28 12:41:01.223402,-2048,0,0,57479,117481,13957,5781,22253,193882,59179,11884
2023-11-28 12:41:01.227397,-2048,0,0,57479,117481,13957,5781,22253,193882,59179,11884
2023-11-28 12:41:01.231395,-2048,0,0,57479,117481,13957,5781,22253,193882,59179,11884
2023-11-28 12:41:01.237393,-2048,0,0,57479,117481,13957,5781,22253,193882,59179,11884
2023-11-28 12:41:01.243390,2047,0,0,57479,117481,13957,5781,22253,193882,59179,11884
2023-11-28 12:41:01.247390,-1602,0,0,57479,117481,13957,5781,22253,193882,59179,11884
2023-11-28 12:41:01.251405,-1602,0,0,57479,117481,13957,5781,22253,193882,59179,11884
2023-11-28 12:41:01.254384,-1602,0,0,57479,117481,13957,5781,22253,193882,59179,11884
2023-11-28 12:41:01.258384,-1602,0,0,57479,117481,13957,5781,22253,193882,59179,11884
2023-11-28 12:41:01.263398,-1602,0,0,57479,117481,13957,5781,22253,193882,59179,11884
2023-11-28 12:41:01.266397,-1602,0,0,57479,117481,13957,5781,22253,193882,59179,11884
2023-11-28 12:41:01.270375,-1602,0,0,57479,117481,13957,5781,22253,193882,59179,11884
2023-11-28 12:41:01.274374,-1602,0,0,57479,117481,13957,5781,22253,193882,59179,11884
2023-11-28 12:41:01.278372,2047,0,0,57479,117481,13957,5781,22253,193882,59179,11884
2023-11-28 12:41:01.282387,2047,0,0,57479,117481,13957,5781,22253,193882,59179,11884
2023-11-28 12:41:01.286367,2047,0,0,57479,117481,13957,5781,22253,193882,59179,11884
2023-11-28 12:41:01.289363,2047,0,0,57479,117481,13957,5781,22253,193882,59179,11884
2023-11-28 12:41:01.294381,2047,0,0,57479,117481,13957,5781,22253,193882,59179,11884
2023-11-28 12:41:01.297357,2047,0,0,57479,117481,13957,5781,22253,193882,59179,11884
2023-11-28 12:41:01.301376,2047,0,0,57479,117481,13957,5781,22253,193882,59179,11884
2023-11-28 12:41:01.305355,2047,0,0,57479,117481,13957,5781,22253,193882,59179,11884
2023-11-28 12:41:01.309351,2047,0,0,57479,117481,13957,5781,22253,193882,59179,11884
2023-11-28 12:41:01.313370,-2048,0,0,57479,117481,13957,5781,22253,193882,59179,11884
2023-11-28 12:41:01.317346,-2048,0,0,57479,117481,13957,5781,22253,193882,59179,11884
2023-11-28 12:41:01.321345,-2048,0,0,57479,117481,13957,5781,22253,193882,59179,11884
2023-11-28 12:41:01.325343,-2048,0,0,57479,117481,13957,5781,22253,193882,59179,11884
2023-11-28 12:41:01.329361,-2048,0,0,57479,117481,13957,5781,22253,193882,59179,11884
2023-11-28 12:41:01.333340,-2048,0,0,57479,117481,13957,5781,22253,193882,59179,11884
2023-11-28 12:41:01.337337,-2048,0,0,57479,117481,13957,5781,22253,193882,59179,11884
2023-11-28 12:41:01.340336,-2048,0,0,57479,117481,13957,5781,22253,193882,59179,11884
2023-11-28 12:41:01.344331,2047,0,0,57479,117481,13957,5781,22253,193882,59179,11884
2023-11-28 12:41:01.349329,-2048,0,0,57479,117481,13957,5781,22253,193882,59179,11884
2023-11-28 12:41:01.352328,-2048,0,0,57479,117481,13957,5781,22253,193882,59179,11884
2023-11-28 12:41:01.356327,-2048,0,0,57479,117481,13957,5781,22253,193882,59179,11884
2023-11-28 12:41:01.360323,-2048,0,0,57479,117481,13957,5781,22253,193882,59179,11884
2023-11-28 12:41:01.364319,-2048,0,0,57479,117481,13957,5781,22253,193882,59179,11884
2023-11-28 12:41:01.368317,-2048,0,0,57479,117481,13957,5781,22253,193882,59179,11884
2023-11-28 12:41:01.372317,-2048,0,0,57479,117481,13957,5781,22253,193882,59179,11884
2023-11-28 12:41:01.380310,2047,0,0,57479,117481,13957,5781,22253,193882,59179,11884
2023-11-28 12:41:01.383359,2047,0,0,57479,117481,13957,5781,22253,193882,59179,11884
2023-11-28 12:41:01.387309,2047,0,0,57479,117481,13957,5781,22253,193882,59179,11884
2023-11-28 12:41:01.391122,2047,0,0,57479,117481,13957,5781,22253,193882,59179,11884
2023-11-28 12:41:01.395128,2047,0,0,57479,117481,13957,5781,22253,193882,59179,11884
2023-11-28 12:41:01.400125,2047,0,0,57479,117481,13957,5781,22253,193882,59179,11884
2023-11-28 12:41:01.404127,2047,0,0,57479,117481,13957,5781,22253,193882,59179,11884
2023-11-28 12:41:01.407121,-2048,0,0,57479,117481,13957,5781,22253,193882,59179,11884
2023-11-28 12:41:01.411129,2047,0,0,57479,117481,13957,5781,22253,193882,59179,11884
2023-11-28 12:41:01.415115,2047,0,0,57479,117481,13957,5781,22253,193882,59179,11884
2023-11-28 12:41:01.419114,2047,0,0,57479,117481,13957,5781,22253,193882,59179,11884
2023-11-28 12:41:01.424110,2047,0,0,57479,117481,13957,5781,22253,193882,59179,11884
2023-11-28 12:41:01.427109,2047,0,0,57479,117481,13957,5781,22253,193882,59179,11884
2023-11-28 12:41:01.431106,2047,0,0,57479,117481,13957,5781,22253,193882,59179,11884
2023-11-28 12:41:01.434104,2047,0,0,57479,117481,13957,5781,22253,193882,59179,11884
2023-11-28 12:41:01.441102,2047,0,0,57479,117481,13957,5781,22253,193882,59179,11884
2023-11-28 12:41:01.446109,-2048,0,0,57479,117481,13957,5781,22253,193882,59179,11884
2023-11-28 12:41:01.451094,-2048,0,0,57479,117481,13957,5781,22253,193882,59179,11884
2023-11-28 12:41:01.454094,-2048,0,0,57479,117481,13957,5781,22253,193882,59179,11884
2023-11-28 12:41:01.458091,-2048,0,0,57479,117481,13957,5781,22253,193882,59179,11884
2023-11-28 12:41:01.462089,-2048,0,0,57479,117481,13957,5781,22253,193882,59179,11884
2023-11-28 12:41:01.466086,-2048,0,0,57479,117481,13957,5781,22253,193882,59179,11884
2023-11-28 12:41:01.474085,-1052,0,0,57479,117481,13957,5781,22253,193882,59179,11884
2023-11-28 12:41:01.478080,-1052,0,0,57479,117481,13957,5781,22253,193882,59179,11884
2023-11-28 12:41:01.481079,-1052,0,0,57479,117481,13957,5781,22253,193882,59179,11884
2023-11-28 12:41:01.489771,-1052,0,0,57479,117481,13957,5781,22253,193882,59179,11884
2023-11-28 12:41:01.493030,-1052,0,0,57479,117481,13957,5781,22253,193882,59179,11884
